emotions,lips,eyes,brow,cheek
x,s,n,t,p
x,s,y,t,a
b,s,w,t,l
x,y,w,t,p
x,s,g,f,n
x,y,y,t,a
b,s,w,t,a
b,y,w,t,l
x,y,w,t,p
b,s,y,t,a
x,y,y,t,l
x,y,y,t,a
b,s,y,t,a
x,y,w,t,p
x,f,n,f,n
s,f,g,f,n
f,f,w,f,n
x,s,n,t,p
x,y,w,t,p
x,s,n,t,p
b,s,y,t,a
x,y,n,t,p
b,y,y,t,l
b,y,w,t,a
b,s,w,t,l
f,s,w,t,p
x,y,y,t,a
x,y,w,t,l
f,f,n,f,n
x,s,y,t,a
b,s,y,t,l
x,y,w,t,p
x,y,y,t,l
x,y,n,t,l
b,y,y,t,l
x,f,y,t,l
s,f,g,f,n
x,y,n,t,p
x,f,y,t,a
b,s,y,t,l
b,y,y,t,a
x,y,y,t,l
x,f,n,f,n
x,y,w,t,p
x,s,y,t,a
x,y,w,t,a
x,y,y,t,l
x,s,w,t,l
x,y,y,t,l
f,y,y,t,l
x,y,n,t,a
x,s,w,t,l
b,s,w,t,l
x,y,n,t,p
x,s,w,t,p
b,y,y,t,a
f,f,g,f,n
b,s,w,t,a
x,s,y,t,l
x,y,n,t,a
s,f,g,f,n
b,y,y,t,a
b,s,y,t,l
b,y,y,t,l
b,y,w,t,l
f,s,n,f,n
x,s,w,t,l
f,y,y,t,a
x,y,y,t,a
x,f,g,f,n
f,f,y,t,l
b,y,w,t,l
f,f,y,t,l
x,y,n,t,a
b,s,y,t,a
f,s,y,t,l
x,s,w,t,l
f,y,n,t,l
x,y,n,t,p
f,y,n,t,a
x,s,n,f,n
x,y,w,t,p
f,f,g,f,n
x,f,g,f,n
x,y,y,t,l
x,s,n,f,n
b,s,w,t,a
x,s,w,t,l
f,y,n,t,l
s,f,n,f,n
x,f,n,f,n
b,s,w,t,l
x,y,y,t,a
x,y,y,t,l
x,s,n,f,n
x,s,w,t,a
f,y,n,t,l
x,s,y,t,a
b,s,w,t,a
x,y,w,t,a
x,f,n,f,n
b,s,y,t,l
f,y,y,t,l
x,y,y,t,a
b,y,w,t,l
x,y,y,t,a
x,y,y,t,a
b,y,w,t,l
b,y,w,t,a
x,s,y,t,a
x,s,y,t,l
s,f,g,f,n
x,f,w,t,a
x,s,y,t,a
x,y,w,t,p
x,y,y,t,l
s,f,g,f,n
x,y,y,t,l
x,s,y,t,l
s,f,n,f,n
x,s,w,t,p
x,y,w,t,a
f,y,n,t,p
f,s,g,f,n
x,s,y,t,l
x,s,w,f,n
b,s,y,t,a
f,f,g,f,n
x,s,w,t,l
b,s,w,t,l
b,s,w,t,l
b,y,w,t,l
f,s,w,t,l
x,y,y,t,l
f,s,w,t,a
x,y,w,t,p
f,f,w,t,l
x,y,y,t,a
x,s,n,t,p
b,s,y,t,l
x,y,n,t,a
b,y,y,t,l
s,f,n,f,n
f,y,n,t,a
x,y,y,t,a
x,f,g,f,n
f,f,w,f,n
x,y,y,t,l
b,s,y,t,l
b,y,w,t,a
x,y,w,t,a
x,s,n,f,n
x,y,w,t,l
s,f,n,f,n
x,s,w,t,a
x,y,n,t,l
b,y,y,t,a
x,y,w,t,a
b,y,w,t,a
b,s,y,t,a
b,s,y,t,l
b,y,y,t,a
x,f,n,f,n
f,y,n,t,l
x,y,w,t,a
f,y,y,t,l
b,s,w,t,a
b,s,w,t,a
x,y,n,t,l
b,s,w,t,a
x,f,g,f,n
b,s,y,t,l
x,f,y,t,l
b,y,y,t,a
f,y,y,t,l
b,y,w,t,l
b,y,w,t,a
b,y,y,t,a
x,y,y,t,l
b,s,y,t,l
x,y,w,t,p
s,f,n,f,n
f,f,n,f,n
x,s,y,t,a
f,y,n,t,a
x,y,w,t,p
b,s,w,t,l
f,f,g,f,n
b,y,y,t,l
x,y,n,t,a
x,f,w,f,n
x,s,w,t,l
b,s,w,t,l
f,s,y,t,a
x,s,y,t,a
f,f,g,f,n
b,s,y,t,a
x,s,w,t,l
x,y,w,t,l
f,s,w,t,a
x,y,y,t,l
b,s,w,t,l
x,s,w,t,a
x,f,w,f,n
f,y,n,t,l
x,s,w,t,p
b,s,w,t,a
b,s,w,t,a
b,y,w,t,l
b,y,w,t,a
x,s,y,t,a
b,s,w,t,l
x,f,y,t,a
x,f,g,f,n
f,y,y,t,a
b,s,w,t,l
x,s,y,t,a
x,y,y,t,a
x,y,w,t,l
s,f,g,f,n
x,s,w,t,a
x,s,w,t,p
x,y,y,t,a
f,f,w,t,a
x,y,w,t,l
b,y,w,t,l
x,s,w,t,a
x,s,y,t,a
x,y,n,t,p
b,s,y,t,a
x,f,g,f,n
x,y,w,t,p
x,y,y,t,l
f,f,n,f,n
b,s,w,t,l
x,f,w,t,l
x,y,w,t,l
b,y,y,t,l
x,y,y,t,l
f,y,y,t,a
f,y,y,t,a
x,s,w,t,l
x,s,w,t,a
x,s,w,t,p
f,f,w,t,a
x,s,w,t,l
x,s,w,t,l
x,y,w,t,a
f,y,y,t,l
x,s,n,f,n
f,y,y,t,a
x,s,n,t,p
s,f,n,f,n
b,y,y,t,l
b,s,w,t,l
b,y,w,t,l
f,f,n,f,n
x,s,w,t,a
b,y,w,t,l
b,y,w,t,a
f,y,n,t,l
x,y,w,t,p
x,s,w,t,a
x,y,w,t,a
f,f,w,t,l
f,f,g,f,n
f,s,g,f,n
x,y,y,t,a
b,s,w,t,a
f,y,n,t,p
x,s,w,t,l
f,s,n,t,p
x,y,w,t,l
x,y,y,t,a
f,y,y,t,a
x,y,n,t,a
f,y,n,t,a
x,y,w,t,a
f,f,n,f,n
x,s,y,t,l
x,y,w,t,p
b,y,y,t,a
s,f,n,f,n
x,s,y,t,l
b,y,w,t,l
f,y,n,t,a
b,y,y,t,a
b,y,w,t,a
x,y,n,t,l
f,f,g,f,n
x,f,g,f,n
b,y,y,t,l
x,s,y,t,l
b,y,w,t,l
x,s,w,t,a
b,s,y,t,a
x,s,y,t,a
x,f,g,f,n
f,s,y,t,a
x,y,w,t,p
x,f,w,f,n
b,y,w,t,a
x,s,y,t,l
b,y,w,t,a
x,y,w,t,l
x,f,n,t,n
b,y,w,t,l
x,s,y,t,l
f,y,n,t,a
x,f,w,f,n
x,s,y,t,l
x,y,w,t,p
x,y,y,t,l
x,f,w,t,a
b,s,y,t,a
x,y,w,t,p
x,s,y,t,a
x,y,w,t,a
x,f,w,t,l
f,s,w,t,l
x,y,y,t,l
f,f,y,t,a
x,s,w,t,a
b,y,y,t,a
x,y,n,t,l
b,y,w,t,l
x,s,y,t,a
x,y,n,t,p
b,s,y,t,l
b,y,w,t,a
x,y,n,t,p
b,s,w,t,l
b,y,y,t,l
b,y,y,t,a
x,y,w,t,l
x,f,n,t,n
x,y,n,t,a
b,s,y,t,l
x,f,g,f,n
x,y,n,t,l
x,s,w,t,a
b,y,w,t,a
x,s,y,t,a
f,f,y,t,a
b,y,y,t,l
x,f,n,f,n
x,f,y,t,l
x,s,y,t,a
f,s,g,f,n
x,f,n,f,n
f,s,g,f,n
f,y,n,t,a
b,y,w,t,a
b,s,y,t,a
x,y,y,t,l
s,f,g,f,n
f,y,n,t,a
x,y,n,t,p
x,y,y,t,a
x,y,y,t,a
x,f,n,f,n
x,f,n,f,n
f,s,n,f,n
f,y,n,t,a
x,s,y,t,a
f,f,n,f,n
x,y,y,t,a
x,f,y,t,a
b,y,y,t,a
x,f,g,f,n
x,y,y,t,a
f,y,n,t,l
x,s,y,t,a
s,f,n,f,n
x,s,w,t,a
b,s,w,t,l
s,f,n,f,n
b,y,y,t,l
x,y,y,t,l
b,y,y,t,a
x,y,n,t,p
x,s,w,f,n
x,y,w,t,a
b,s,w,t,a
x,f,n,t,n
x,s,n,t,p
x,y,n,t,l
x,s,n,f,n
b,y,y,t,l
x,s,y,t,a
b,s,y,t,a
x,s,y,t,l
b,y,w,t,a
x,f,g,f,n
f,y,n,t,a
x,f,g,f,n
x,s,w,t,l
x,y,y,t,l
x,f,g,f,n
x,s,n,t,p
b,y,w,t,l
b,y,w,t,a
x,y,n,t,p
b,s,y,t,l
x,s,w,t,l
x,y,y,t,l
b,y,y,t,l
x,s,w,t,a
x,s,w,t,a
x,y,n,t,l
x,s,w,t,a
x,s,n,f,n
x,y,n,t,l
x,y,y,t,l
x,y,n,t,p
b,y,y,t,a
x,f,w,t,l
x,s,n,t,p
x,y,y,t,l
f,f,g,f,n
x,y,w,t,l
b,y,w,t,a
x,y,n,t,p
f,y,n,t,l
x,s,w,t,l
x,s,w,t,a
f,y,n,t,a
b,s,w,t,a
x,s,w,f,n
f,f,g,f,n
x,y,w,t,a
x,y,y,t,l
b,s,y,t,l
b,s,y,t,l
f,s,w,t,l
b,s,w,t,a
x,f,y,t,a
x,y,w,t,l
b,y,y,t,l
x,y,n,t,a
x,y,w,t,l
x,y,w,t,l
x,y,y,t,a
x,y,w,t,l
x,s,y,t,l
x,y,n,t,l
x,s,w,t,l
f,y,n,t,l
b,s,w,t,l
x,f,n,t,n
x,y,w,t,l
b,s,w,t,l
b,s,y,t,l
x,f,y,t,l
b,s,w,t,l
x,s,g,f,n
b,s,w,t,a
b,s,y,t,l
f,y,y,t,a
f,y,n,t,a
x,s,w,t,a
f,y,y,t,l
b,s,w,t,a
x,y,y,t,a
x,f,n,f,n
f,y,n,t,a
x,s,w,t,a
x,s,y,t,l
b,y,y,t,l
f,y,y,t,a
x,y,y,t,l
x,y,w,t,a
f,f,w,t,a
s,f,g,f,n
f,s,y,t,l
f,f,g,f,n
x,f,n,f,n
b,y,w,t,a
x,s,w,t,a
b,y,y,t,l
b,y,y,t,a
b,y,y,t,l
f,s,w,t,l
f,f,g,f,n
f,s,w,t,a
f,y,y,t,a
x,y,w,t,l
s,f,n,f,n
x,y,n,t,l
x,y,n,t,a
f,f,y,t,a
f,s,n,t,p
x,s,n,t,p
f,y,n,t,l
x,y,y,t,a
b,s,y,t,a
f,f,w,f,n
f,y,n,t,a
x,y,w,t,a
b,s,y,t,l
x,s,y,t,a
b,y,y,t,a
x,s,w,t,l
b,s,y,t,a
b,y,y,t,a
x,s,n,t,p
x,s,g,f,n
f,s,n,f,n
x,f,w,t,a
f,f,g,f,n
f,f,n,f,n
b,y,y,t,a
x,f,w,t,a
s,f,g,f,n
x,f,n,f,n
x,f,w,f,n
x,y,n,t,l
b,s,y,t,a
x,y,w,t,l
x,y,y,t,a
x,s,w,t,l
b,s,w,t,l
f,y,y,t,a
x,s,n,t,p
f,f,g,f,n
b,s,y,t,l
f,y,n,t,a
x,s,y,t,a
x,f,n,f,n
f,y,y,t,a
x,y,n,t,a
x,s,w,t,a
x,y,w,t,p
f,y,n,t,l
f,s,n,t,p
x,f,w,f,n
b,y,w,t,a
s,f,n,f,n
x,y,y,t,l
f,s,w,t,a
x,s,y,t,a
f,f,g,f,n
x,y,w,t,p
x,y,y,t,a
f,f,n,f,n
x,s,w,t,a
b,y,y,t,l
f,f,g,f,n
x,f,y,t,l
x,s,y,t,a
f,f,n,f,n
x,f,g,f,n
x,y,y,t,l
f,s,w,t,l
x,s,y,t,l
f,y,y,t,a
x,y,n,t,p
x,f,w,t,l
x,s,w,t,l
x,y,y,t,a
b,s,y,t,a
x,s,y,t,a
x,s,y,t,a
x,f,w,f,n
b,s,w,t,a
x,y,w,t,p
x,y,y,t,a
f,s,g,f,n
x,s,n,t,p
b,y,w,t,a
x,s,w,t,a
f,f,y,t,l
x,s,y,t,a
b,y,w,t,l
x,y,n,t,a
x,s,y,t,l
x,f,n,f,n
x,s,y,t,l
x,y,y,t,l
x,s,n,t,p
x,s,w,t,a
x,s,y,t,a
x,y,w,t,l
x,y,y,t,a
f,y,y,t,a
x,y,w,t,a
s,f,g,f,n
f,f,n,f,n
s,f,g,f,n
x,y,w,t,a
x,s,w,t,p
x,s,g,f,n
x,y,y,t,l
x,y,w,t,p
x,s,y,t,a
x,s,n,t,p
b,s,y,t,l
b,y,w,t,l
x,y,w,t,p
x,s,n,t,p
x,s,g,f,n
x,y,n,t,l
f,f,w,f,n
f,y,n,t,l
b,y,w,t,l
b,s,w,t,a
x,s,g,f,n
f,y,n,t,a
x,s,w,t,l
f,f,g,f,n
f,s,n,f,n
x,f,g,f,n
f,s,w,f,n
x,s,w,t,p
x,y,y,t,l
b,s,w,t,l
f,f,g,f,n
b,y,w,t,l
b,s,y,t,a
s,f,g,f,n
f,y,y,t,l
b,s,w,t,l
x,f,w,t,l
f,y,y,t,a
f,f,g,f,n
x,s,w,t,l
f,f,y,t,l
s,f,g,f,n
b,y,w,t,a
b,s,w,t,a
f,f,n,f,n
b,y,y,t,a
x,f,n,t,n
x,y,n,t,l
x,y,n,t,a
b,y,y,t,a
f,y,y,t,a
x,y,y,t,l
x,s,n,f,n
x,y,w,t,a
b,y,y,t,l
x,y,n,t,a
f,y,n,t,l
f,y,n,t,a
f,y,y,t,l
x,s,y,t,l
b,y,w,t,a
b,s,w,t,l
x,y,y,t,a
f,f,w,t,l
x,s,y,t,a
b,s,y,t,l
f,y,y,t,a
x,y,n,t,p
x,y,w,t,p
x,s,y,t,l
f,f,w,f,n
b,s,y,t,a
x,y,y,t,l
f,f,g,f,n
b,s,w,t,a
x,s,w,t,l
x,y,n,t,p
x,s,n,t,p
b,s,w,t,l
b,s,y,t,a
f,y,n,t,a
x,y,y,t,l
f,y,y,t,l
x,y,w,t,a
x,s,y,t,a
f,f,n,f,n
f,f,n,f,n
x,f,y,t,l
f,y,y,t,l
f,f,n,f,n
f,f,g,f,n
x,y,n,t,l
x,y,y,t,l
b,s,w,t,a
x,s,w,t,l
x,y,w,t,a
x,f,y,t,a
b,s,y,t,a
x,f,n,t,n
x,y,w,t,a
f,f,g,f,n
b,y,w,t,a
x,y,y,t,l
x,s,w,t,a
b,s,y,t,a
b,y,w,t,l
x,y,n,t,a
f,s,g,f,n
x,y,n,t,p
b,y,w,t,a
b,s,y,t,a
x,y,n,t,p
x,s,n,t,p
f,s,n,f,n
x,s,n,t,p
f,f,g,f,n
x,y,y,t,l
b,y,w,t,l
f,y,y,t,l
f,y,y,t,l
b,y,y,t,l
s,f,n,f,n
x,s,w,t,a
b,y,y,t,a
f,y,y,t,a
f,s,n,f,n
x,s,w,t,l
b,y,y,t,l
b,y,y,t,l
b,y,y,t,a
b,s,w,t,l
x,y,y,t,a
x,y,n,t,a
s,f,n,f,n
f,y,n,t,a
x,s,w,t,a
f,s,y,t,l
x,s,n,f,n
f,y,y,t,a
x,y,n,t,p
x,s,w,t,l
x,f,w,f,n
b,s,w,t,a
x,y,w,t,l
f,y,y,t,l
x,f,n,f,n
x,s,w,t,p
x,y,w,t,p
x,y,w,t,l
b,y,w,t,a
x,f,w,t,a
x,y,w,t,p
x,s,w,t,l
x,f,g,f,n
x,f,n,f,n
b,s,w,t,a
x,y,n,t,a
b,y,w,t,a
f,y,y,t,l
x,y,w,t,l
b,y,w,t,l
b,y,w,t,a
x,s,n,t,p
f,s,y,t,a
x,y,n,t,a
b,s,y,t,l
f,s,w,t,a
b,y,y,t,l
b,y,y,t,a
b,s,y,t,a
f,y,y,t,l
x,s,w,f,n
b,y,y,t,a
x,y,n,t,a
b,s,w,t,l
f,y,n,t,l
x,s,w,t,l
x,f,n,f,n
x,y,n,t,l
f,f,g,f,n
x,s,w,t,l
f,f,n,f,n
b,y,y,t,a
b,s,w,t,a
x,s,w,t,a
b,s,y,t,l
x,y,y,t,a
x,s,y,t,a
f,f,g,f,n
x,y,y,t,a
x,y,n,t,p
x,y,n,t,a
x,s,y,t,l
b,y,w,t,l
x,y,y,t,a
s,f,n,f,n
b,y,y,t,l
x,s,w,t,l
x,s,w,t,a
x,s,n,t,p
x,f,n,f,n
x,y,y,t,l
x,y,n,t,p
x,y,y,t,l
b,y,y,t,l
f,y,n,t,l
x,y,w,t,a
x,s,y,t,a
x,y,n,t,p
x,y,n,t,p
b,y,y,t,l
x,s,w,f,n
x,s,w,t,p
x,y,n,t,l
b,s,w,t,a
x,y,y,t,a
x,s,n,t,p
b,y,y,t,l
b,y,w,t,a
f,y,y,t,l
b,y,w,t,a
x,y,y,t,a
b,s,y,t,l
x,s,y,t,l
b,s,y,t,a
b,s,y,t,a
x,y,w,t,p
x,y,w,t,p
x,s,n,t,p
x,s,w,t,a
x,y,n,t,a
x,y,y,t,a
x,s,w,t,a
b,y,w,t,l
b,s,y,t,l
x,f,g,f,n
b,s,y,t,a
x,s,w,t,l
x,y,n,t,a
x,y,y,t,l
f,f,w,t,l
f,f,w,t,a
x,s,w,t,l
f,s,y,t,l
s,f,g,f,n
f,f,y,t,a
x,y,n,t,l
x,y,y,t,l
x,y,y,t,l
x,s,n,t,p
x,s,y,t,l
x,y,w,t,p
x,y,y,t,a
x,y,w,t,a
f,s,y,t,a
x,y,n,t,p
b,s,w,t,a
s,f,g,f,n
x,s,y,t,a
x,f,g,f,n
x,y,y,t,a
b,y,w,t,l
b,s,y,t,l
x,s,w,t,l
b,s,w,t,l
f,y,n,t,a
s,f,g,f,n
x,f,w,f,n
s,f,n,f,n
f,y,n,t,l
f,s,y,t,l
b,s,y,t,a
b,s,y,t,a
x,s,n,t,p
f,y,n,t,l
x,s,y,t,a
f,y,y,t,a
x,y,w,t,a
x,y,y,t,a
x,y,y,t,l
f,f,n,f,n
f,y,y,t,l
x,f,g,f,n
x,s,y,t,l
f,y,n,t,a
x,s,y,t,l
x,y,y,t,a
x,f,n,t,n
x,s,w,t,a
x,y,y,t,l
x,y,w,t,a
x,s,w,t,l
f,y,y,t,l
b,s,y,t,l
f,f,w,t,a
f,s,g,f,n
x,y,w,t,a
x,y,w,t,l
f,y,y,t,l
x,s,w,t,a
x,s,y,t,a
f,y,y,t,a
x,y,y,t,a
x,s,y,t,l
x,f,n,t,n
f,y,y,t,l
x,s,w,t,a
b,s,y,t,a
x,s,y,t,l
x,y,n,t,l
b,y,y,t,a
x,s,w,t,l
x,y,w,t,l
x,s,y,t,l
f,y,y,t,l
x,f,w,f,n
x,s,n,f,n
x,s,w,f,n
x,s,y,t,l
f,f,w,f,n
f,s,n,t,p
x,f,g,f,n
f,y,n,t,p
x,s,n,t,p
b,s,w,t,l
x,f,g,f,n
x,s,w,t,l
f,f,g,f,n
x,s,g,f,n
x,s,w,t,a
x,s,w,t,l
x,y,g,t,n
f,f,n,f,n
x,s,w,f,n
f,f,n,f,n
x,s,n,f,n
x,y,y,t,l
x,s,y,t,l
f,f,w,f,n
x,s,n,f,n
x,s,g,f,n
x,y,n,t,p
x,f,g,f,n
b,s,w,t,a
x,s,g,f,n
f,f,g,f,n
f,s,n,t,p
x,s,y,t,l
x,f,n,f,n
f,s,w,f,n
x,y,y,t,a
x,f,n,f,n
f,s,g,f,n
x,y,e,t,n
b,y,y,t,a
x,f,w,f,n
x,s,w,t,p
x,f,g,f,n
f,f,g,t,n
f,f,n,f,n
f,f,w,f,n
b,y,w,t,l
f,f,n,f,n
f,y,n,t,p
x,y,w,t,p
b,s,y,t,l
f,s,g,f,n
x,f,g,f,n
f,f,n,f,n
b,s,w,t,l
x,s,w,t,p
x,y,n,t,n
f,f,w,t,l
x,y,y,t,l
x,f,n,f,n
f,f,w,f,n
x,f,n,t,n
x,f,n,t,n
f,s,g,f,n
f,s,g,f,n
f,s,n,t,p
x,f,n,t,n
x,s,n,f,n
x,f,w,f,n
f,f,n,f,n
x,f,n,t,n
f,f,n,t,n
x,f,g,f,n
f,f,n,t,n
x,s,g,f,n
b,y,w,t,l
x,f,n,t,n
x,y,y,t,l
f,f,g,f,n
f,f,n,t,n
x,s,y,t,l
f,f,g,f,n
x,f,n,f,n
x,s,w,t,p
x,f,w,f,n
f,f,w,f,n
x,s,w,f,n
x,s,g,f,n
x,y,y,t,l
x,s,y,t,l
x,s,g,f,n
x,s,n,f,n
f,f,n,f,n
f,s,w,f,n
f,s,w,f,n
x,y,y,t,l
f,s,w,t,a
b,s,w,t,l
f,y,w,t,p
x,f,g,t,n
f,y,n,t,l
f,s,n,f,n
x,s,w,t,p
x,y,n,t,l
x,s,g,f,n
x,s,w,f,n
f,f,w,f,n
x,f,n,f,n
x,s,w,t,l
x,y,w,t,a
x,s,w,f,n
f,y,y,t,a
f,s,n,f,n
f,f,g,f,n
f,f,y,t,a
f,y,n,t,l
x,f,n,t,n
f,s,n,t,p
x,f,n,t,n
f,f,n,f,n
b,s,y,t,a
b,y,w,t,a
x,y,w,t,a
f,y,w,t,p
f,y,w,t,p
x,f,n,f,n
f,s,y,t,l
x,y,y,t,l
x,s,w,f,n
x,f,g,t,n
x,y,n,t,p
x,f,g,f,n
f,f,n,f,n
x,s,w,f,n
f,f,w,f,n
x,y,y,t,a
f,f,y,t,a
x,f,g,f,n
x,s,n,t,p
x,y,y,t,a
f,y,n,t,a
x,f,w,f,n
x,y,n,t,n
x,s,g,f,n
x,s,w,t,a
x,f,g,f,n
f,y,n,t,p
x,f,n,t,n
x,f,g,f,n
x,f,e,t,n
x,f,n,t,n
x,f,g,f,n
x,y,y,t,l
x,f,n,f,n
b,s,y,t,l
x,f,w,t,l
f,s,g,f,n
x,y,y,t,l
x,f,n,f,n
f,s,w,f,n
x,s,y,t,l
x,s,g,f,n
x,f,g,f,n
f,y,w,t,p
f,f,y,t,l
x,y,w,t,a
f,f,w,f,n
x,f,n,t,n
x,y,n,t,l
x,s,w,f,n
f,y,w,t,p
x,s,y,t,a
x,f,g,t,n
f,y,y,t,l
f,s,g,f,n
f,f,n,f,n
f,y,w,t,p
f,f,g,f,n
x,y,n,t,l
f,f,w,f,n
f,y,n,t,p
b,s,y,t,l
f,f,g,f,n
b,s,w,t,l
f,f,g,f,n
b,y,w,t,l
x,y,w,t,l
f,y,n,t,p
x,y,y,t,l
s,f,n,f,n
x,y,n,t,a
f,f,g,f,n
f,f,y,t,l
x,s,g,f,n
f,y,n,t,p
x,f,g,f,n
x,s,g,f,n
x,f,g,f,n
x,y,n,t,p
x,f,n,f,n
f,s,w,f,n
x,f,g,f,n
x,y,n,t,p
f,f,n,f,n
f,s,w,f,n
x,y,w,t,p
f,f,g,f,n
b,y,y,t,l
x,s,n,f,n
f,f,n,f,n
f,s,w,t,p
x,y,n,t,a
f,f,w,f,n
f,y,n,t,l
f,f,g,f,n
f,f,g,f,n
f,s,g,f,n
f,f,n,f,n
x,s,g,f,n
x,f,w,f,n
f,f,w,f,n
x,s,n,f,n
x,f,n,t,n
f,s,y,t,a
x,f,w,f,n
f,s,w,f,n
b,s,y,t,a
x,f,w,f,n
x,f,g,f,n
f,s,n,t,p
x,f,g,f,n
x,s,n,t,p
f,s,w,f,n
x,y,w,t,a
x,f,n,f,n
x,f,n,t,n
b,y,y,t,l
f,f,w,f,n
x,s,n,f,n
f,f,w,f,n
x,f,n,t,n
f,f,w,f,n
x,s,w,f,n
x,s,n,f,n
x,f,w,f,n
f,s,g,f,n
x,f,g,f,n
x,f,g,f,n
f,s,n,f,n
f,s,w,f,n
f,y,n,t,a
x,y,w,t,p
f,s,g,f,n
x,y,w,t,p
b,y,w,t,a
x,s,g,f,n
f,f,g,f,n
f,f,w,f,n
f,s,g,f,n
b,y,w,t,a
x,f,g,f,n
x,f,e,t,n
x,y,y,t,a
x,s,w,f,n
b,s,w,t,a
x,s,n,t,p
x,f,n,t,n
f,s,n,f,n
b,s,w,t,a
x,s,g,f,n
x,f,n,t,n
f,f,w,f,n
x,f,n,f,n
x,f,g,f,n
x,f,g,f,n
b,y,y,t,l
f,f,n,f,n
x,f,w,f,n
f,y,n,t,a
x,y,n,t,l
x,y,y,t,l
f,f,g,f,n
x,y,w,t,a
x,y,w,t,a
f,s,w,f,n
f,s,g,f,n
f,s,n,t,p
x,y,y,t,l
x,f,n,f,n
x,f,w,f,n
x,s,y,t,l
x,f,e,t,n
f,y,n,t,l
b,s,w,t,a
x,s,n,t,p
x,f,g,f,n
b,y,w,t,a
x,s,w,t,l
b,y,y,t,l
x,y,w,t,l
x,s,y,t,a
b,s,w,t,a
f,s,n,f,n
f,s,w,t,p
f,s,n,f,n
f,f,n,f,n
f,y,w,t,p
f,s,w,f,n
x,f,w,f,n
x,s,n,f,n
f,s,n,f,n
f,y,y,t,a
x,f,g,f,n
x,f,n,f,n
f,s,n,t,p
x,s,w,f,n
f,f,n,f,n
f,f,w,f,n
f,f,w,f,n
x,y,y,t,a
x,s,g,f,n
x,f,g,f,n
f,f,n,f,n
f,s,n,f,n
x,f,w,f,n
x,y,e,t,n
x,f,n,f,n
x,s,w,t,p
x,y,n,t,n
x,f,n,f,n
f,y,w,t,p
f,f,g,f,n
x,f,w,f,n
f,s,n,f,n
f,f,g,f,n
f,s,g,f,n
f,f,g,f,n
x,s,g,f,n
x,s,n,f,n
f,s,w,t,p
x,s,g,f,n
x,s,w,t,p
f,s,w,t,p
f,s,n,f,n
x,f,g,f,n
f,s,g,f,n
x,s,g,f,n
f,f,g,f,n
f,f,g,f,n
x,y,g,t,n
x,f,n,t,n
f,s,w,f,n
f,y,w,t,p
f,y,n,t,p
x,s,w,f,n
f,s,n,t,p
f,f,n,f,n
f,s,w,f,n
f,s,n,t,p
f,y,w,t,p
f,y,n,t,p
f,s,w,t,p
x,s,w,f,n
x,f,n,t,n
f,s,w,f,n
f,f,g,f,n
f,y,n,t,p
x,s,w,f,n
x,y,e,t,n
f,s,g,f,n
x,s,w,f,n
f,s,w,t,p
f,f,n,f,n
x,f,w,f,n
f,s,w,t,p
x,f,n,f,n
f,f,w,f,n
x,s,w,f,n
f,s,w,f,n
b,y,y,t,a
x,s,g,f,n
x,f,w,f,n
x,s,n,f,n
x,f,n,f,n
f,f,g,f,n
x,y,n,t,p
f,s,g,f,n
x,f,n,t,n
f,s,w,f,n
x,f,n,t,n
x,f,g,f,n
x,f,w,f,n
f,s,w,t,p
f,s,w,t,p
x,s,g,f,n
x,f,n,t,n
x,s,g,f,n
x,y,y,t,a
f,s,w,f,n
x,s,w,f,n
x,f,g,f,n
f,s,w,f,n
x,f,n,t,n
f,s,g,f,n
f,s,g,f,n
f,f,n,f,n
f,s,w,f,n
f,s,w,f,n
f,s,g,f,n
f,f,w,f,n
f,s,n,f,n
f,s,w,t,p
x,f,g,f,n
b,y,y,t,l
f,f,n,f,n
f,s,g,f,n
x,f,n,t,n
b,s,y,t,l
x,s,w,f,n
f,f,n,t,n
x,s,w,t,p
f,f,w,f,n
f,y,w,t,p
x,s,n,f,n
f,s,n,f,n
b,s,y,t,l
f,s,g,f,n
x,s,g,f,n
f,f,g,f,n
x,f,g,f,n
f,s,w,f,n
f,s,n,t,p
f,f,g,f,n
f,s,w,f,n
x,f,n,t,n
x,s,n,f,n
x,f,e,t,n
x,y,y,t,a
f,f,w,f,n
x,s,w,f,n
f,f,n,f,n
f,s,w,t,p
f,f,g,t,n
f,s,w,f,n
f,f,w,f,n
f,y,n,t,p
x,s,w,f,n
x,f,n,t,n
x,y,g,t,n
x,y,g,t,n
f,s,n,f,n
f,s,w,f,n
f,s,n,f,n
x,s,n,f,n
f,f,w,f,n
x,f,n,f,n
f,f,w,f,n
f,f,n,f,n
f,s,w,f,n
f,f,n,f,n
f,y,n,t,p
f,f,w,f,n
f,s,w,f,n
x,f,n,f,n
f,f,w,f,n
x,f,g,f,n
f,s,n,f,n
x,f,g,t,n
f,f,w,f,n
f,f,n,f,n
x,s,n,f,n
x,f,w,f,n
b,s,y,t,l
x,y,n,t,p
f,s,n,t,p
f,f,w,f,n
f,f,n,f,n
f,y,n,t,p
f,f,n,f,n
x,s,w,t,p
f,s,n,f,n
f,y,w,t,p
f,s,n,f,n
f,s,g,f,n
x,f,g,f,n
f,f,n,f,n
x,f,g,t,n
x,f,n,t,n
x,f,n,f,n
x,f,g,t,n
x,s,w,f,n
f,s,w,f,n
x,s,w,f,n
f,f,g,f,n
x,f,n,t,n
x,s,w,f,n
x,s,n,f,n
f,s,g,f,n
f,y,w,t,p
f,s,n,f,n
f,y,y,t,a
x,f,g,t,n
f,s,g,f,n
x,s,g,f,n
f,y,w,t,p
x,s,w,f,n
x,s,w,f,n
f,s,g,f,n
f,s,n,f,n
x,f,n,f,n
f,s,n,f,n
f,s,n,f,n
x,f,w,f,n
f,f,w,f,n
f,f,n,f,n
x,y,w,t,l
x,s,n,f,n
x,s,g,f,n
f,s,w,f,n
x,s,w,t,p
x,s,w,f,n
x,f,n,t,n
f,f,g,f,n
x,s,g,f,n
f,f,n,f,n
f,s,n,f,n
x,s,g,f,n
f,y,n,t,l
f,y,n,t,p
x,s,n,f,n
x,f,n,t,n
f,y,w,t,p
x,s,w,t,p
f,s,n,t,p
x,f,n,t,n
b,y,w,t,l
f,y,w,t,p
f,f,w,f,n
x,s,w,f,n
x,f,n,t,n
x,s,n,f,n
f,f,n,f,n
f,f,n,f,n
f,y,n,t,p
f,y,w,t,p
x,s,n,f,n
f,f,g,f,n
x,f,n,t,n
f,s,g,f,n
f,f,n,f,n
f,s,n,t,p
x,f,n,f,n
f,y,n,t,p
x,s,g,f,n
f,f,w,f,n
x,s,w,f,n
x,f,n,t,n
x,s,n,f,n
f,s,w,t,p
x,f,n,t,n
x,s,w,f,n
f,s,w,f,n
x,s,w,t,a
x,f,n,f,n
x,y,g,t,n
x,f,n,t,n
x,s,y,t,a
f,f,g,f,n
x,s,n,f,n
x,y,e,t,n
f,s,g,f,n
f,s,w,t,p
f,f,w,f,n
x,f,g,f,n
f,f,n,f,n
f,s,n,f,n
x,f,w,f,n
f,y,w,t,p
x,f,w,f,n
f,s,n,f,n
x,s,n,f,n
x,f,g,f,n
x,s,n,f,n
f,y,y,t,l
x,y,n,t,p
x,f,w,f,n
f,s,w,f,n
x,s,n,f,n
f,y,n,t,p
f,f,g,f,n
f,s,w,t,p
f,s,n,f,n
x,s,g,f,n
x,f,g,f,n
f,f,n,f,n
f,s,g,f,n
x,s,w,f,n
x,f,n,f,n
x,f,g,f,n
f,f,n,f,n
b,y,y,t,a
f,f,g,f,n
x,f,g,f,n
f,f,w,f,n
x,f,n,t,n
f,s,n,t,p
x,f,n,t,n
x,f,n,f,n
x,f,n,t,n
x,f,w,f,n
f,s,g,f,n
f,s,n,f,n
x,y,y,t,a
x,f,w,t,a
f,f,g,f,n
f,f,n,f,n
f,f,n,f,n
b,y,y,t,a
x,f,n,f,n
x,y,w,t,l
f,s,w,f,n
x,s,w,f,n
x,f,n,f,n
x,s,n,f,n
x,s,n,f,n
x,y,n,t,n
f,s,g,f,n
x,y,y,t,a
x,s,w,f,n
f,y,w,t,p
f,s,w,f,n
f,s,w,t,p
f,s,g,f,n
f,f,g,f,n
x,s,w,t,p
x,s,g,f,n
x,s,w,t,p
x,s,g,f,n
f,s,w,f,n
f,y,w,t,p
x,f,w,f,n
x,s,n,f,n
x,f,w,f,n
x,f,w,f,n
x,y,e,t,n
f,s,n,t,p
f,f,g,f,n
x,y,y,t,a
x,f,n,f,n
f,f,n,f,n
b,s,w,t,l
f,s,g,f,n
f,f,w,f,n
f,f,n,f,n
f,s,n,t,p
x,s,n,f,n
b,y,y,t,a
f,s,g,f,n
f,s,n,f,n
x,f,g,f,n
f,s,g,f,n
x,f,n,f,n
x,f,n,t,n
b,y,w,t,l
x,f,g,t,n
f,y,n,t,p
x,s,w,f,n
f,s,n,t,p
f,s,n,f,n
f,f,n,f,n
x,f,w,f,n
x,f,n,f,n
f,s,n,f,n
x,s,y,t,l
f,s,w,f,n
x,s,w,f,n
x,y,n,t,p
f,f,g,f,n
f,y,n,t,p
f,f,w,f,n
x,f,n,t,n
x,f,g,f,n
f,s,n,t,p
f,s,g,f,n
x,s,w,t,p
x,f,n,t,n
x,f,n,f,n
x,y,y,t,a
f,f,w,f,n
f,s,w,f,n
x,f,g,f,n
f,f,g,f,n
f,f,w,f,n
x,f,g,f,n
f,f,g,f,n
x,f,g,t,n
x,s,g,f,n
f,s,g,f,n
x,y,n,t,l
x,y,g,t,n
f,s,g,f,n
f,f,w,f,n
f,s,n,f,n
f,f,w,f,n
f,f,n,f,n
f,s,g,f,n
x,s,n,f,n
x,f,n,t,n
x,s,n,f,n
x,f,n,f,n
f,s,w,f,n
x,f,n,f,n
f,s,w,t,p
f,s,n,t,p
x,f,n,t,n
x,s,w,f,n
f,f,g,f,n
x,s,n,f,n
x,f,n,f,n
x,s,g,f,n
f,f,g,f,n
f,s,n,f,n
f,s,g,f,n
x,f,e,t,n
f,y,w,t,p
x,f,n,f,n
x,f,n,t,n
f,s,n,t,p
f,s,w,t,p
f,s,w,t,p
f,f,w,f,n
f,s,n,f,n
f,f,n,f,n
x,s,n,f,n
f,s,n,f,n
f,s,w,t,p
f,s,w,t,p
f,s,g,f,n
x,s,n,f,n
x,s,n,f,n
x,f,n,t,n
x,f,n,t,n
f,f,w,f,n
f,f,w,f,n
x,f,w,f,n
x,s,y,t,l
f,s,g,f,n
x,s,w,f,n
x,f,n,f,n
x,f,n,f,n
x,s,w,f,n
x,s,n,f,n
x,s,g,f,n
x,s,g,f,n
f,s,w,f,n
x,s,n,f,n
f,f,g,f,n
f,f,w,f,n
x,f,w,f,n
f,f,g,f,n
x,f,g,f,n
x,y,y,t,a
x,s,y,t,l
x,s,w,f,n
x,y,n,t,p
x,f,w,f,n
x,s,w,t,p
x,y,g,t,n
f,s,w,t,p
x,y,y,t,l
x,y,w,t,l
f,y,n,t,l
x,s,w,f,n
f,s,n,f,n
x,s,g,f,n
x,s,w,f,n
f,s,n,f,n
f,s,n,f,n
x,s,g,f,n
b,s,w,t,l
x,s,g,f,n
x,s,y,t,l
f,y,w,t,p
f,s,w,f,n
f,s,n,f,n
f,s,g,f,n
f,f,g,f,n
x,y,n,t,n
x,f,n,t,n
x,y,y,t,a
x,f,g,t,n
f,f,g,f,n
f,s,n,f,n
f,s,w,f,n
x,f,g,f,n
f,s,w,f,n
f,f,g,f,n
x,f,g,f,n
x,s,n,f,n
x,f,n,t,n
f,s,w,f,n
f,f,n,f,n
f,y,n,t,p
x,f,n,t,n
x,f,n,f,n
f,f,w,f,n
f,y,n,t,p
f,f,g,f,n
x,f,g,t,n
x,f,w,f,n
x,f,g,f,n
x,f,n,t,n
x,s,g,f,n
f,f,w,f,n
x,f,g,t,n
x,y,w,t,l
x,y,w,t,l
f,s,g,f,n
f,s,w,f,n
f,s,n,f,n
f,s,w,f,n
x,f,n,f,n
x,s,n,f,n
b,y,y,t,a
f,y,w,t,p
x,s,n,f,n
f,s,n,f,n
x,y,n,t,a
x,s,g,f,n
f,s,w,f,n
x,s,n,t,p
f,s,g,f,n
x,f,w,f,n
f,s,n,t,p
x,f,n,f,n
x,s,n,f,n
x,f,n,t,n
f,s,w,f,n
f,s,w,t,p
x,f,w,f,n
f,f,n,f,n
f,s,g,f,n
x,f,w,f,n
f,y,n,t,l
f,s,w,t,p
x,f,w,f,n
f,f,n,f,n
f,y,n,t,p
f,s,w,f,n
x,f,g,f,n
f,y,y,t,a
x,f,w,f,n
x,f,w,f,n
f,y,n,t,p
f,f,n,f,n
f,f,g,f,n
x,f,n,f,n
x,f,n,t,n
x,s,g,f,n
x,s,g,f,n
x,f,w,f,n
f,f,g,f,n
x,f,n,t,n
x,s,w,f,n
x,s,w,t,p
f,s,g,f,n
x,s,n,f,n
x,f,n,t,n
x,y,y,t,a
x,s,g,f,n
x,f,n,f,n
x,f,w,f,n
x,y,y,t,a
x,f,n,t,n
x,f,w,f,n
x,f,w,f,n
f,s,n,t,p
f,s,w,t,p
x,s,n,f,n
x,f,g,f,n
f,s,n,f,n
x,s,w,f,n
f,s,w,t,p
b,s,y,t,a
x,f,n,f,n
f,y,n,t,p
x,s,g,f,n
x,s,g,f,n
x,s,w,f,n
f,s,w,t,p
f,s,w,f,n
x,f,n,f,n
f,f,n,f,n
x,f,n,f,n
f,y,n,t,p
x,f,w,f,n
f,s,w,f,n
f,y,w,t,p
f,s,g,f,n
f,y,n,t,n
x,f,g,f,n
x,f,g,t,n
x,y,n,t,n
f,f,n,t,n
f,y,e,t,n
f,s,g,f,n
x,f,g,t,n
x,y,g,t,n
x,f,g,f,n
f,s,n,t,p
f,f,n,t,n
x,s,n,t,p
x,s,w,t,a
x,s,w,f,n
x,y,y,t,a
x,f,g,f,f
f,s,n,f,n
f,s,w,f,n
x,f,n,t,n
f,s,n,f,n
x,f,n,f,n
x,s,w,t,p
f,f,n,t,n
x,y,w,t,l
f,f,g,f,n
x,y,e,t,n
f,f,w,f,n
x,s,g,f,n
x,y,n,t,n
x,y,g,t,n
x,f,g,t,n
f,s,w,f,n
x,f,g,t,n
x,f,n,t,n
x,f,e,t,n
x,y,n,t,n
f,f,w,f,n
x,y,n,t,n
x,s,g,f,n
x,f,g,f,n
f,f,w,f,n
x,y,g,t,n
f,y,n,t,p
x,y,e,t,n
f,f,w,f,n
f,s,g,f,n
x,y,g,t,n
f,f,g,t,n
x,f,n,t,n
f,f,e,t,n
x,s,w,f,n
x,f,e,t,n
x,f,n,t,n
x,f,g,t,n
x,f,n,t,n
x,f,y,t,a
x,f,e,t,n
f,s,w,t,p
x,s,w,f,n
x,f,e,t,n
x,y,n,t,n
x,f,w,f,n
x,f,g,t,n
x,s,g,f,n
x,y,e,t,n
x,y,n,t,n
x,s,w,f,n
x,s,n,f,n
x,s,w,f,n
x,s,n,f,n
f,f,e,t,n
f,f,w,f,n
f,f,g,f,n
x,y,e,t,n
x,f,e,t,n
x,y,g,t,n
x,f,e,t,n
f,s,n,f,n
x,s,w,f,n
x,s,w,f,n
x,f,w,f,n
x,f,e,t,n
x,f,n,t,n
f,f,n,t,n
f,f,w,t,l
f,f,w,f,n
f,y,w,t,p
f,f,g,t,n
x,f,n,t,n
x,s,w,f,n
x,f,w,f,n
x,s,n,f,n
x,f,n,f,n
x,s,g,f,n
x,y,n,t,n
x,f,n,t,n
f,s,g,f,n
f,s,n,f,n
x,s,g,f,n
f,f,g,t,n
x,s,w,f,n
f,f,n,f,n
f,s,w,f,n
x,f,g,f,n
f,f,n,f,n
f,f,n,f,n
x,f,n,t,n
f,s,g,f,n
f,s,w,f,n
x,y,e,t,n
x,y,g,t,n
x,y,e,t,n
x,f,g,f,n
f,f,g,f,n
f,y,y,t,l
f,y,w,t,p
f,s,n,f,n
f,f,n,f,n
f,f,n,t,n
x,f,e,t,n
f,f,g,f,n
x,f,n,f,n
x,f,g,f,n
x,y,e,t,n
f,f,n,t,n
x,f,n,f,n
x,f,n,f,n
f,s,w,f,n
f,s,g,f,n
f,y,w,t,p
b,s,w,t,a
x,f,n,t,n
f,f,g,f,n
x,f,n,f,n
x,s,n,f,n
f,s,w,t,l
x,f,w,f,n
x,s,w,f,n
x,s,g,f,n
x,y,e,t,n
f,f,n,t,n
x,f,n,t,n
f,f,w,f,n
f,s,n,f,n
f,s,w,t,p
f,f,n,f,n
x,y,g,t,n
x,y,g,t,n
x,f,g,f,n
x,f,g,t,n
x,y,e,t,n
x,f,g,t,n
x,f,g,t,n
x,f,n,t,n
x,s,w,t,p
x,f,n,f,n
x,y,n,t,n
x,f,g,t,n
f,y,n,t,p
x,f,g,t,n
x,f,g,f,n
x,f,e,t,n
f,f,n,f,n
f,s,w,f,n
f,s,n,f,n
x,y,e,t,n
f,s,n,f,n
f,f,n,t,n
f,s,w,f,n
x,f,n,f,n
f,f,n,f,n
x,s,n,t,p
x,f,n,t,n
f,s,n,f,n
f,y,w,t,p
x,f,n,t,n
x,f,g,t,n
f,f,n,f,n
x,f,e,t,n
f,f,w,f,n
x,f,w,f,n
x,y,w,t,l
x,s,w,f,n
x,y,g,t,n
x,f,g,t,n
x,s,g,f,n
f,y,w,t,p
x,f,e,t,n
f,s,n,t,p
f,y,n,t,p
x,f,g,t,n
f,s,n,f,n
x,f,g,t,n
x,f,n,f,n
x,f,n,t,n
f,s,n,f,n
f,f,n,f,n
x,s,n,f,n
x,s,n,f,n
x,f,n,t,n
x,y,e,t,n
f,s,n,f,n
x,f,n,t,n
f,y,w,t,p
x,y,y,t,l
f,s,n,t,p
f,f,w,f,n
f,f,n,f,n
f,s,n,t,p
x,s,n,f,n
x,f,n,f,n
x,f,e,t,n
f,f,n,f,n
x,f,w,f,n
f,s,g,f,n
f,f,w,f,n
f,s,y,t,a
f,f,w,t,a
f,f,n,f,n
x,f,n,t,n
x,y,g,t,n
x,f,n,t,n
x,f,n,f,n
x,f,g,t,n
x,f,n,t,n
x,f,g,f,n
x,f,n,t,n
x,s,n,f,n
b,y,w,t,l
x,y,e,t,n
f,s,n,f,n
x,f,e,t,n
f,y,n,t,n
x,y,g,t,n
x,s,g,f,n
x,s,n,f,n
x,f,g,f,n
x,s,g,f,n
x,y,e,t,n
f,f,g,t,n
f,f,n,t,n
x,f,n,f,n
f,s,n,f,n
x,f,w,f,n
x,y,y,t,a
x,f,e,t,n
x,f,n,f,n
x,y,n,t,n
f,f,g,t,n
x,f,w,f,n
x,y,w,t,a
x,s,n,f,n
f,s,w,f,n
f,f,n,t,n
f,f,w,f,n
x,f,g,t,n
x,f,n,t,n
x,f,w,f,n
x,s,w,t,a
f,s,g,f,n
f,y,n,t,p
f,f,g,f,n
x,f,n,t,n
x,f,w,f,n
x,y,n,t,n
x,y,e,t,n
f,s,n,t,p
f,s,g,f,n
x,f,g,t,n
f,f,g,t,n
x,f,g,t,n
x,f,g,t,n
x,f,n,t,n
x,s,w,t,p
x,s,y,t,l
x,f,n,t,n
f,y,n,t,n
x,s,g,f,n
x,y,e,t,n
x,f,g,f,n
f,s,w,f,n
x,f,n,t,n
f,f,n,t,n
f,f,g,f,n
f,f,g,f,n
f,f,n,f,n
x,f,g,t,n
x,f,e,t,n
f,y,n,t,p
x,y,g,t,n
x,s,w,f,n
b,s,w,t,a
x,s,w,f,n
f,f,n,f,n
x,y,g,t,n
f,f,g,t,n
x,f,g,f,n
x,s,w,t,p
x,s,n,f,n
x,y,g,t,n
f,f,g,t,n
x,y,n,t,n
x,f,e,t,n
f,f,n,t,n
x,f,e,t,n
f,f,n,t,n
x,y,e,t,n
x,f,g,t,n
f,f,g,t,n
x,f,e,t,n
x,y,e,t,n
x,s,w,t,p
x,f,e,t,n
x,y,g,t,n
x,f,n,t,n
x,y,e,t,n
x,y,g,t,n
x,f,g,t,n
x,y,g,t,n
x,f,e,t,n
f,y,e,t,n
f,f,n,t,n
x,f,n,t,n
f,y,g,t,n
x,y,e,t,n
x,f,g,t,n
x,y,g,t,n
x,f,g,f,f
f,s,w,t,p
x,f,e,t,n
x,f,w,f,n
x,y,n,t,n
f,f,n,t,n
x,f,n,t,n
x,y,g,t,n
x,y,g,t,n
x,f,e,t,n
x,y,n,t,n
x,f,g,t,n
x,f,e,t,n
x,y,e,t,n
x,y,n,t,n
x,y,e,t,n
f,y,n,t,n
f,y,n,t,n
x,y,n,t,n
f,s,n,t,p
f,f,e,t,n
x,s,w,t,p
x,f,e,t,n
f,f,n,t,n
x,y,n,t,n
f,f,e,t,n
x,f,e,t,n
x,f,g,t,n
x,y,n,t,n
f,f,n,t,n
f,f,n,t,n
x,f,e,t,n
x,f,n,t,n
x,f,e,t,n
f,f,g,t,n
x,y,n,t,n
f,f,n,t,n
x,f,e,t,n
x,y,e,t,n
x,f,g,t,n
x,y,g,t,n
x,y,e,t,n
x,y,g,t,n
x,f,g,t,n
f,f,g,t,n
x,y,g,t,n
x,y,e,t,n
f,f,n,t,n
f,f,n,t,n
x,y,e,t,n
x,f,g,f,f
x,y,g,t,n
x,f,e,t,n
x,y,n,t,n
f,f,n,t,n
x,y,e,t,n
f,f,n,t,n
f,y,n,t,n
f,f,g,t,n
x,f,e,t,n
x,f,g,t,n
x,f,g,t,n
x,f,n,t,n
x,f,g,t,n
x,s,g,f,n
x,y,e,t,n
f,f,g,t,n
x,y,e,t,n
f,f,g,t,n
x,f,g,t,n
x,f,g,t,n
f,f,g,t,n
x,s,w,f,n
x,f,n,t,n
f,f,n,t,n
f,f,g,t,n
x,y,g,t,n
x,f,e,t,n
x,y,e,t,n
x,f,n,t,n
f,y,g,t,n
x,y,g,t,n
x,s,p,f,c
x,y,n,t,n
f,f,g,t,n
x,y,e,t,n
f,f,n,t,n
x,y,n,t,n
x,f,g,t,n
f,f,n,t,n
x,y,n,t,n
x,y,n,t,n
x,f,e,t,n
f,f,g,t,n
x,y,e,t,n
x,y,e,t,n
f,f,n,t,n
x,f,e,t,n
x,f,e,t,n
x,f,w,f,n
x,y,g,t,n
x,f,e,t,n
x,y,g,t,n
x,f,e,t,n
x,f,g,t,n
f,y,e,t,n
f,y,g,t,n
x,y,e,t,n
x,y,g,t,n
f,f,g,f,n
x,f,g,f,f
x,f,e,t,n
x,y,e,t,n
f,s,w,t,p
f,y,n,t,n
x,f,e,t,n
x,y,e,t,n
x,f,g,t,n
x,y,g,t,n
x,f,g,f,n
x,f,n,t,n
f,f,e,t,n
x,y,g,t,n
f,f,n,t,n
f,f,g,f,n
f,f,g,t,n
x,y,n,t,n
f,f,g,t,n
f,y,n,t,n
x,f,g,t,n
x,y,e,t,n
x,y,n,t,n
f,s,g,f,n
x,f,n,t,n
f,f,n,t,n
x,y,e,t,n
x,y,e,t,n
x,y,n,t,n
f,s,w,f,n
x,y,n,t,n
x,y,e,t,n
x,f,g,t,n
f,f,g,t,n
f,f,n,f,n
f,f,g,t,n
x,y,e,t,n
f,f,g,t,n
x,y,n,t,n
x,f,e,t,n
x,f,n,t,n
x,f,g,t,n
f,f,g,t,n
x,f,n,t,n
x,y,n,t,n
x,f,e,t,n
f,f,g,t,n
x,y,n,t,n
x,s,p,f,c
f,y,g,t,n
f,f,n,t,n
f,s,n,t,p
x,y,n,t,n
x,y,g,t,n
x,y,e,t,n
x,y,e,t,n
x,y,e,t,n
x,f,g,t,n
f,s,w,f,n
x,y,g,t,n
x,f,n,f,n
x,f,n,t,n
x,y,g,t,n
x,y,e,t,n
x,y,n,t,n
x,f,g,t,n
x,f,g,t,n
x,y,g,t,n
x,y,g,t,n
f,y,g,t,n
x,f,e,t,n
x,y,e,t,n
x,f,n,t,n
x,f,n,t,n
f,f,n,t,n
f,f,n,t,n
x,y,g,t,n
x,f,e,t,n
f,y,n,t,n
x,y,e,t,n
f,y,n,t,n
x,y,g,t,n
f,f,n,t,n
x,y,g,t,n
x,y,e,t,n
x,y,n,t,n
x,f,g,t,n
x,f,e,t,n
x,f,n,t,n
f,f,n,t,n
f,y,g,t,n
x,f,n,t,n
x,y,e,t,n
f,f,n,t,n
x,y,n,t,n
f,f,n,t,n
x,y,e,t,n
x,y,e,t,n
x,f,g,t,n
x,f,g,t,n
f,f,e,t,n
x,f,n,t,n
x,y,e,t,n
x,y,g,t,n
x,y,g,t,n
x,f,e,t,n
f,f,n,t,n
x,y,n,t,n
x,y,g,t,n
x,f,w,f,n
f,y,g,t,n
f,s,g,f,n
f,f,n,t,n
x,y,e,t,n
f,y,w,t,p
x,y,g,t,n
f,f,n,t,n
x,f,g,t,n
x,f,e,t,n
f,f,g,t,n
x,y,n,t,n
x,y,e,t,n
x,y,n,t,n
x,y,n,t,n
f,f,n,t,n
x,y,g,t,n
x,y,n,t,n
x,f,e,t,n
f,f,n,t,n
x,f,e,t,n
f,s,w,f,n
x,y,n,t,n
x,f,g,t,n
x,f,n,t,n
x,f,e,t,n
f,f,n,t,n
x,f,n,t,n
x,y,n,t,n
f,s,w,t,p
x,f,g,t,n
f,s,w,f,n
x,s,g,f,n
x,f,g,t,n
f,f,n,t,n
x,f,e,t,n
x,y,g,t,n
f,f,n,t,n
x,f,n,t,n
x,f,g,f,f
x,y,e,t,n
x,f,n,f,n
x,s,w,t,p
x,y,g,t,n
f,f,n,t,n
x,f,n,t,n
x,y,g,t,n
x,y,g,t,n
f,f,n,t,n
f,f,n,t,n
x,f,g,t,n
f,f,g,t,n
x,y,e,t,n
x,f,e,t,n
x,s,w,t,p
f,f,g,t,n
x,f,g,t,n
f,y,e,t,n
f,y,g,t,n
x,y,n,t,n
x,y,e,t,n
x,f,e,t,n
x,y,e,t,n
f,f,g,t,n
x,f,g,t,n
f,f,n,t,n
x,y,n,t,n
x,y,g,t,n
x,f,g,t,n
x,y,n,t,n
f,f,n,t,n
x,y,n,t,n
x,y,n,t,n
f,f,n,t,n
x,f,n,t,n
x,f,n,t,n
x,y,n,t,n
f,f,g,t,n
x,f,e,t,n
f,f,n,t,n
x,s,p,f,c
x,f,e,t,n
f,f,n,t,n
x,f,n,t,n
f,f,e,t,n
x,y,e,t,n
x,f,g,t,n
x,f,g,t,n
x,f,g,t,n
x,f,g,t,n
f,f,g,t,n
x,f,e,t,n
f,y,n,t,n
f,y,e,t,n
x,y,g,t,n
x,y,g,t,n
x,f,g,t,n
x,f,g,f,f
x,y,n,t,n
x,y,e,t,n
x,f,n,t,n
f,f,n,t,n
f,f,n,t,n
f,f,g,t,n
f,f,g,t,n
x,y,g,t,n
x,f,g,f,n
x,y,g,t,n
x,f,e,t,n
f,f,n,t,n
x,y,e,t,n
x,f,g,t,n
x,f,n,t,n
x,y,e,t,n
x,f,n,t,n
f,f,g,t,n
x,y,g,t,n
x,y,g,t,n
f,f,n,t,n
x,f,g,t,n
f,f,n,t,n
x,y,e,t,n
x,f,n,t,n
x,y,g,t,n
f,f,g,t,n
x,f,g,t,n
x,f,n,t,n
x,y,g,t,n
x,y,g,t,n
x,y,e,t,n
x,y,n,t,n
x,y,g,t,n
f,y,n,t,p
x,s,g,f,n
x,f,g,t,n
x,f,e,t,n
x,s,p,f,c
x,y,n,t,n
x,f,e,t,n
x,y,n,t,n
x,y,e,t,n
x,s,w,f,n
f,f,g,t,n
x,y,g,t,n
x,y,g,t,n
x,f,e,t,n
x,y,g,t,n
x,y,g,t,n
x,f,e,t,n
f,y,w,t,p
f,f,n,t,n
x,f,e,t,n
x,f,e,t,n
x,y,g,t,n
f,s,w,f,n
x,f,n,f,n
x,f,n,t,n
f,f,n,t,n
x,y,e,t,n
x,y,e,t,n
x,y,e,t,n
f,f,n,t,n
x,f,g,t,n
f,f,n,t,n
f,f,e,t,n
x,y,e,t,n
x,s,w,f,c
f,f,n,t,n
f,f,g,t,n
f,f,n,t,n
x,y,n,t,n
x,f,e,t,n
f,s,w,f,n
x,y,g,t,n
x,f,e,t,n
f,f,n,t,n
f,f,n,t,n
x,y,n,t,n
x,y,g,t,n
x,y,n,t,n
x,f,g,t,n
x,y,n,t,n
x,y,n,t,n
f,f,n,t,n
x,y,g,t,n
x,y,e,t,n
x,y,n,t,n
x,f,g,f,f
f,f,g,t,n
x,y,e,t,n
x,f,g,f,f
x,y,e,t,n
x,f,e,t,n
x,f,g,f,f
x,f,p,f,c
x,f,g,t,n
f,f,g,t,n
x,f,g,t,n
x,y,g,t,n
x,y,g,t,n
f,f,g,t,n
x,f,g,t,n
x,f,e,t,n
x,f,n,t,n
x,y,n,t,n
f,f,n,t,n
f,f,n,t,n
f,f,g,t,n
x,f,g,t,n
x,y,n,t,n
x,y,e,t,n
f,f,n,t,n
x,y,g,t,n
x,y,n,t,n
x,f,w,f,c
f,f,n,t,n
x,y,e,t,n
x,y,n,t,n
f,f,g,t,n
x,f,e,t,n
x,f,g,f,f
x,y,e,t,n
f,f,g,t,n
f,y,e,t,n
x,f,e,t,n
x,f,g,f,f
x,y,n,t,n
x,y,n,t,n
x,y,n,t,n
x,y,n,t,n
x,y,g,t,n
x,y,n,t,n
x,f,g,t,n
x,y,e,t,n
x,y,e,t,n
x,y,g,t,n
f,f,e,t,n
f,f,n,t,n
f,f,n,t,n
x,y,g,t,n
x,y,g,t,n
x,f,e,t,n
f,f,n,t,n
f,f,n,t,n
x,y,e,t,n
x,y,n,t,n
f,f,n,t,n
f,f,n,t,n
x,f,g,f,f
x,f,g,t,n
x,y,n,t,n
x,f,g,t,n
x,f,g,t,n
x,y,g,t,n
f,f,n,t,n
f,f,g,t,n
x,y,n,t,n
x,f,e,t,n
f,f,n,t,n
x,f,g,f,f
x,f,e,t,n
f,f,n,t,n
x,f,e,t,n
x,f,e,t,n
x,y,e,t,n
f,y,g,t,n
f,f,n,t,n
x,f,g,t,n
f,f,g,t,n
x,y,n,t,n
x,y,g,t,n
x,y,g,t,n
x,f,n,t,n
x,y,e,t,n
f,f,n,t,n
x,y,e,t,n
x,f,n,t,n
f,f,n,t,n
x,y,e,t,n
x,f,g,t,n
x,y,n,t,n
x,f,g,f,c
f,f,g,t,n
x,f,n,t,n
f,s,n,f,n
f,f,n,t,n
x,y,g,t,n
f,y,g,t,n
x,y,g,t,n
f,y,e,t,n
x,y,g,t,n
x,f,g,t,n
f,f,g,t,n
x,y,n,t,n
f,f,n,t,n
x,y,e,t,n
x,y,e,t,n
f,y,n,t,n
x,y,n,t,n
x,f,g,t,n
f,f,g,t,n
f,f,w,f,n
x,y,n,t,n
x,f,g,t,n
f,y,e,t,n
x,f,e,t,n
x,y,n,t,n
f,y,n,t,n
x,y,g,t,n
f,f,n,t,n
x,y,e,t,n
x,y,e,t,n
x,y,e,t,n
x,f,e,t,n
x,f,e,t,n
x,f,e,t,n
f,f,n,t,n
x,f,g,t,n
x,f,g,t,n
x,y,g,t,n
x,y,n,t,n
x,f,e,t,n
x,f,e,t,n
x,f,g,t,n
x,f,e,t,n
f,f,n,t,n
x,f,e,t,n
f,f,n,t,n
f,f,n,t,n
f,f,n,t,n
x,f,g,t,n
x,f,e,t,n
x,y,e,t,n
f,f,g,t,n
f,f,n,t,n
x,y,n,t,n
f,f,n,t,n
x,f,p,f,c
x,f,e,t,n
x,f,n,t,n
x,y,e,t,n
f,f,n,t,n
f,f,n,t,n
x,y,g,t,n
f,s,n,f,n
x,y,g,t,n
x,y,n,t,n
x,y,n,t,n
f,f,g,t,n
x,f,e,t,n
f,f,n,t,n
x,f,g,f,f
x,y,e,t,n
x,f,g,t,n
x,f,e,t,n
x,f,e,t,n
x,y,e,t,n
f,f,n,t,n
f,f,n,t,n
x,y,n,t,n
x,f,e,t,n
x,y,e,t,n
x,y,n,t,n
x,y,g,t,n
x,y,n,t,n
x,y,e,t,n
x,f,e,t,n
x,f,e,t,n
x,y,e,t,n
x,y,n,t,n
x,f,e,t,n
f,f,e,t,n
f,f,n,t,n
x,y,e,t,n
x,f,n,t,n
x,y,e,t,n
f,f,g,t,n
x,y,n,t,n
f,y,e,t,n
x,y,n,t,n
x,y,e,t,n
x,y,g,t,n
f,y,g,t,n
x,y,n,t,n
x,s,g,f,n
f,f,n,t,n
x,y,g,t,n
x,y,g,t,n
x,f,n,t,n
x,f,e,t,n
x,y,e,t,n
x,y,n,t,n
x,f,e,t,n
x,y,e,t,n
x,y,n,t,n
f,f,g,t,n
x,f,e,t,n
f,y,n,t,n
x,y,n,t,n
x,f,e,t,n
x,f,g,t,n
x,y,n,t,n
x,y,g,t,n
x,f,g,f,c
x,y,n,t,n
x,f,g,t,n
x,y,n,t,n
x,y,g,t,n
x,y,n,t,n
f,f,n,t,n
f,f,n,t,n
x,y,n,t,n
f,f,n,t,n
f,f,n,t,n
f,y,g,t,n
x,f,g,t,n
x,y,g,t,n
x,y,g,t,n
f,f,n,t,n
x,f,g,t,n
x,f,g,f,f
f,f,n,t,n
x,y,g,t,n
x,f,g,t,n
x,f,g,f,f
f,f,n,t,n
x,y,e,t,n
x,y,n,t,n
x,f,e,t,n
x,f,e,t,n
x,y,n,t,n
f,f,n,t,n
x,f,e,t,n
x,f,g,t,n
f,f,n,t,n
x,y,e,t,n
x,f,g,t,n
f,f,g,t,n
f,f,g,t,n
f,f,n,t,n
x,f,n,t,n
x,y,e,t,n
f,s,g,f,n
x,y,e,t,n
f,f,g,t,n
x,y,e,t,n
x,f,g,t,n
f,f,n,t,n
x,f,e,t,n
x,f,e,t,n
x,f,g,t,n
x,f,w,f,c
x,y,e,t,n
x,f,e,t,n
x,y,n,t,n
f,f,w,f,n
x,f,g,t,n
f,f,g,t,n
x,f,g,t,n
f,y,e,t,n
x,f,e,t,n
x,y,n,t,n
x,y,e,t,n
x,f,e,t,n
f,y,e,t,n
f,f,n,t,n
x,y,g,t,n
x,y,g,t,n
x,f,g,t,n
x,f,e,t,n
x,f,n,t,n
f,f,n,f,n
x,f,e,t,n
x,y,g,t,n
x,y,n,t,n
x,f,g,t,n
x,y,e,t,n
f,f,n,t,n
x,y,g,t,n
f,f,g,t,n
x,f,e,t,n
f,f,n,t,n
x,y,g,t,n
x,y,n,t,n
x,y,e,t,n
x,f,e,t,n
x,f,n,t,n
f,f,n,t,n
x,y,g,t,n
x,f,e,t,n
f,f,n,t,n
f,f,n,t,n
x,y,e,t,n
x,f,g,t,n
x,f,g,t,n
x,f,p,f,c
x,y,n,t,n
x,f,e,t,n
f,s,n,f,n
x,y,g,t,n
x,y,g,t,n
x,f,n,t,n
f,f,g,t,n
x,f,g,t,n
x,y,n,t,n
x,f,e,t,n
x,f,n,t,n
f,f,g,t,n
f,f,n,t,n
x,y,g,t,n
x,y,e,t,n
x,y,g,t,n
f,f,g,t,n
x,f,e,t,n
x,s,p,f,c
f,y,n,t,n
x,y,e,t,n
x,y,g,t,n
x,y,g,t,n
x,f,g,t,n
x,f,e,t,n
x,y,n,t,n
x,y,g,t,n
x,y,e,t,n
x,y,n,t,n
x,y,g,t,n
x,y,n,t,n
x,f,e,t,n
x,f,e,t,n
x,y,g,t,n
f,f,g,t,n
f,f,e,t,n
f,f,g,t,n
x,y,e,t,n
x,y,e,t,n
x,s,w,f,n
x,y,n,t,n
x,y,e,t,n
f,f,e,t,n
x,f,g,t,n
f,f,n,t,n
x,s,g,f,c
f,y,e,t,n
x,y,g,t,n
x,f,n,f,n
x,y,e,t,n
x,f,w,f,c
x,y,e,t,n
f,f,g,t,n
f,f,n,t,n
x,y,n,t,n
f,f,n,t,n
x,f,g,t,n
f,y,n,t,n
x,y,g,t,n
f,y,n,t,n
x,f,g,t,n
x,f,g,f,f
x,y,g,t,n
x,y,g,t,n
x,f,g,t,n
x,f,e,t,n
x,f,g,t,n
x,f,g,t,n
f,f,g,t,n
x,y,e,t,n
x,f,g,t,n
x,y,e,t,n
x,f,n,t,n
x,y,g,t,n
x,y,e,t,n
f,f,n,t,n
x,f,e,t,n
f,y,n,t,n
x,y,n,t,n
x,y,g,t,n
f,f,e,t,n
x,f,g,t,n
x,y,g,t,n
x,y,g,t,n
x,f,g,f,f
x,f,g,t,n
x,f,g,t,n
x,f,n,t,n
x,f,g,t,n
f,f,n,t,n
x,y,n,t,n
x,f,e,t,n
x,y,n,t,n
f,y,g,t,n
f,f,g,t,n
x,f,g,f,f
x,f,n,t,n
x,y,n,t,n
x,f,e,t,n
x,f,n,t,n
f,f,n,t,n
x,y,g,t,n
x,y,n,t,n
x,y,e,t,n
f,f,g,t,n
x,f,g,t,n
x,y,e,t,n
x,y,e,t,n
x,f,g,t,n
x,y,n,t,n
x,f,e,t,n
f,f,n,t,n
x,f,e,t,n
f,f,n,t,n
x,y,e,t,n
x,f,n,t,n
x,f,e,t,n
x,f,e,t,n
x,f,n,t,n
x,y,n,t,n
x,y,e,t,n
f,f,n,t,n
x,y,n,t,n
x,y,e,t,n
f,f,g,f,n
x,y,e,t,n
x,y,e,t,n
f,f,n,t,n
f,f,n,t,n
x,f,g,t,n
x,y,g,t,n
x,f,n,t,n
f,f,n,t,n
x,y,n,t,n
x,y,g,t,n
x,f,g,t,n
x,y,e,t,n
x,f,g,t,n
x,y,e,t,n
x,f,g,t,n
x,f,e,t,n
x,f,e,t,n
x,f,e,t,n
f,y,g,t,n
x,f,g,t,n
x,f,e,t,n
x,f,g,t,n
f,f,n,t,n
x,f,g,f,f
x,f,n,t,n
x,y,g,t,n
f,f,n,t,n
x,f,e,t,n
f,f,g,t,n
x,y,n,t,n
x,y,e,t,n
x,y,e,t,n
x,y,n,t,n
x,y,n,t,n
x,y,y,f,f
f,y,n,t,n
x,f,g,f,f
x,f,g,f,c
f,f,g,t,n
f,f,e,t,n
f,y,n,t,n
f,f,e,t,n
x,f,g,f,f
f,f,g,t,n
f,y,e,t,n
f,y,e,t,n
x,f,w,f,c
x,f,e,t,n
f,y,n,t,n
x,f,g,f,f
x,f,g,f,f
f,y,e,t,n
f,y,e,t,n
f,f,n,t,n
f,f,g,t,n
f,f,e,t,n
f,y,e,t,n
f,y,e,t,n
f,y,e,t,n
x,f,p,f,c
x,f,g,f,f
f,f,e,t,n
f,y,g,t,n
f,y,g,t,n
f,f,g,t,n
f,f,e,t,n
f,y,e,t,n
f,f,g,f,f
f,y,n,t,n
f,y,e,t,n
x,f,g,f,c
f,f,e,t,n
f,y,e,t,n
x,y,y,f,f
f,f,y,f,f
f,y,n,t,n
f,y,n,t,n
f,y,g,t,n
f,y,n,t,n
x,y,e,t,n
x,s,p,f,c
f,y,n,t,n
x,y,e,t,n
f,f,e,t,n
f,y,n,t,n
x,s,w,f,c
f,f,g,t,n
f,y,g,t,n
f,y,g,t,n
f,y,n,t,n
x,s,g,f,c
x,f,p,f,c
f,y,e,t,n
x,f,g,f,f
x,s,w,f,c
x,f,g,f,f
f,y,n,t,n
x,y,y,f,f
f,y,g,t,n
f,y,n,t,n
f,y,g,t,n
x,s,w,f,c
x,f,g,f,f
f,y,g,t,n
x,y,n,t,n
f,y,g,t,n
x,f,g,f,f
f,y,n,t,n
f,f,g,f,f
f,f,e,t,n
x,f,n,t,n
f,f,g,f,f
f,y,g,t,n
f,y,g,t,n
f,y,e,t,n
x,f,g,f,f
f,f,e,t,n
f,y,n,t,n
x,f,g,f,f
f,y,e,t,n
x,f,g,f,f
f,y,e,t,n
x,f,g,f,f
x,f,g,f,f
x,f,g,f,f
f,y,e,t,n
x,f,g,f,f
f,f,e,t,n
x,s,g,f,c
f,y,g,t,n
x,s,p,f,c
f,f,e,t,n
f,f,e,t,n
f,y,e,t,n
f,y,n,t,n
x,f,g,f,f
f,f,y,f,f
x,s,g,f,c
f,f,e,t,n
f,f,e,t,n
f,y,e,t,n
f,y,n,t,n
x,f,g,f,f
x,f,g,f,c
f,f,g,t,n
f,y,e,t,n
f,y,e,t,n
f,f,g,t,n
f,y,n,t,n
f,y,n,t,n
f,f,e,t,n
x,s,g,f,c
x,f,w,f,c
f,f,g,t,n
f,y,g,t,n
x,f,g,f,f
x,y,e,t,n
x,s,w,f,c
f,y,g,t,n
f,y,g,t,n
f,y,g,t,n
f,f,e,t,n
f,y,n,t,n
f,y,g,t,n
f,y,n,t,n
f,y,g,t,n
f,y,g,t,n
x,f,n,t,n
f,y,e,t,n
f,f,e,t,n
f,y,e,t,n
x,f,y,f,f
f,y,g,t,n
f,y,n,t,n
x,f,g,f,f
f,y,g,t,n
f,y,g,t,n
f,y,g,t,n
f,y,e,t,n
f,y,g,t,n
x,s,w,f,c
x,f,w,f,c
f,f,n,t,n
f,f,e,t,n
f,y,e,t,n
x,f,g,f,f
f,f,g,t,n
f,f,g,t,n
f,f,g,t,n
x,s,w,f,c
x,y,e,t,n
f,y,e,t,n
x,f,g,f,f
f,f,e,t,n
x,f,g,f,f
x,f,p,f,c
f,y,g,t,n
x,f,g,f,f
x,f,w,f,c
x,f,g,f,f
f,y,e,t,n
x,y,g,f,f
x,s,g,f,c
f,y,g,t,n
f,y,n,t,n
f,f,e,t,n
x,f,g,f,f
x,f,p,f,c
x,y,n,t,n
f,f,e,t,n
f,y,n,t,n
f,y,g,t,n
x,y,g,f,f
f,y,n,t,n
x,f,p,f,c
x,f,w,f,c
f,f,e,t,n
f,y,n,t,n
f,y,e,t,n
f,y,g,t,n
x,f,g,f,f
x,f,g,f,f
f,f,e,t,n
x,y,y,f,f
x,s,p,f,c
f,f,e,t,n
f,f,y,f,f
f,y,e,t,n
f,y,e,t,n
x,f,n,t,n
f,f,e,t,n
f,f,g,t,n
x,f,g,f,f
f,y,e,t,n
f,f,g,f,f
f,y,e,t,n
f,f,e,t,n
f,f,g,t,n
x,f,g,f,f
f,y,g,t,n
f,y,g,t,n
x,f,g,f,f
x,f,w,f,c
f,f,e,t,n
x,f,y,f,f
f,y,e,t,n
f,y,g,t,n
f,f,e,t,n
f,f,g,t,n
f,y,g,t,n
f,f,e,t,n
x,s,g,f,c
f,y,g,t,n
f,y,n,t,n
f,y,g,t,n
f,y,g,t,n
f,y,n,t,n
x,f,g,t,n
f,f,g,t,n
x,f,g,f,f
x,s,w,f,c
f,f,g,t,n
f,f,g,t,n
f,y,g,t,n
x,f,g,f,f
x,s,w,f,c
x,f,g,f,f
x,y,g,t,n
x,f,g,f,f
f,y,e,t,n
f,y,g,t,n
x,f,g,t,n
x,f,g,f,f
f,y,g,t,n
f,y,g,t,n
x,s,w,f,c
x,y,y,f,f
f,f,e,t,n
x,f,g,f,f
x,f,g,f,f
x,y,n,t,n
x,f,g,f,f
f,y,n,t,n
f,f,g,t,n
f,y,g,t,n
f,y,g,t,n
x,s,g,f,c
f,f,g,t,n
f,y,e,t,n
f,y,n,t,n
f,y,g,t,n
x,f,p,f,c
x,f,g,f,f
f,y,g,t,n
f,f,g,t,n
x,s,p,f,c
x,y,g,t,n
x,f,g,f,f
x,f,g,f,f
f,y,n,t,n
f,y,n,t,n
x,s,g,f,c
f,f,g,f,f
x,f,p,f,c
f,y,e,t,n
f,y,g,t,n
f,f,e,t,n
x,f,y,f,f
f,f,g,t,n
x,f,w,f,c
x,f,g,f,f
f,f,e,t,n
f,y,g,t,n
x,f,g,f,f
x,f,g,f,f
x,s,p,f,c
x,y,g,t,n
x,f,g,f,f
f,y,n,t,n
x,y,n,t,n
f,y,e,t,n
f,y,g,t,n
f,f,e,t,n
f,y,g,t,n
f,f,g,t,n
x,f,p,f,c
f,f,e,t,n
f,f,e,t,n
x,s,w,f,c
f,f,g,t,n
f,y,n,t,n
x,f,g,f,f
f,f,e,t,n
x,f,g,f,f
f,f,e,t,n
f,y,g,t,n
f,f,g,t,n
x,f,g,f,f
f,y,e,t,n
x,f,w,f,c
f,y,n,t,n
x,y,g,t,n
f,y,n,t,n
f,y,e,t,n
f,y,g,t,n
f,y,e,t,n
x,f,g,f,f
f,y,g,t,n
f,y,g,t,n
f,f,g,t,n
f,y,g,t,n
f,f,e,t,n
f,f,e,t,n
f,y,n,t,n
f,f,n,t,n
x,f,p,f,c
x,f,g,f,f
f,y,g,t,n
f,y,e,t,n
x,s,w,f,c
x,f,p,f,c
x,f,g,f,f
x,f,g,t,n
f,y,e,t,n
x,s,p,f,c
f,y,g,t,n
f,y,n,t,n
x,f,g,f,f
f,y,n,t,n
x,f,e,t,n
x,f,w,f,c
f,y,n,t,n
x,f,g,f,f
f,y,e,t,n
x,f,y,f,f
f,f,g,t,n
x,f,e,t,n
f,y,e,t,n
f,y,g,t,n
x,f,g,f,c
f,y,g,t,n
f,f,e,t,n
x,f,g,f,f
f,y,n,t,n
x,s,g,f,c
x,f,g,f,f
f,f,e,t,n
f,y,n,t,n
f,y,g,t,n
f,f,g,t,n
x,f,w,f,c
x,f,g,f,f
x,f,g,f,c
f,f,e,t,n
f,y,e,t,n
f,y,g,f,f
x,f,g,f,f
f,y,e,t,n
x,f,p,f,c
x,s,g,f,c
f,y,e,t,n
f,f,e,t,n
f,y,e,t,n
f,y,n,t,n
x,s,p,f,c
x,f,g,f,f
f,f,e,t,n
f,y,e,t,n
f,f,g,t,n
f,f,e,t,n
f,y,n,t,n
f,y,e,t,n
f,f,y,f,f
x,f,g,t,n
x,s,p,f,c
x,y,e,t,n
f,f,g,t,n
f,f,e,t,n
x,f,e,t,n
f,y,g,t,n
f,f,e,t,n
x,s,w,f,c
x,y,g,f,f
x,f,p,f,c
f,y,g,t,n
x,y,n,t,n
x,f,g,f,c
f,y,n,t,n
x,f,p,f,c
f,f,e,t,n
x,s,w,f,c
x,y,n,t,n
x,f,g,f,f
x,s,g,f,c
f,y,n,t,n
x,f,g,f,f
x,s,p,f,c
f,y,e,t,n
x,s,g,f,c
x,y,g,t,n
x,y,g,t,n
f,y,n,t,n
f,y,n,t,n
f,f,n,t,n
x,s,g,f,c
f,f,g,t,n
x,f,e,t,n
f,f,g,t,n
f,y,e,t,n
f,y,n,t,n
x,f,g,f,f
x,s,g,f,c
f,y,e,t,n
x,y,g,t,n
x,f,g,f,c
f,y,n,t,n
f,y,g,t,n
f,f,e,t,n
x,f,y,f,f
x,s,g,f,c
f,y,g,t,n
f,y,n,t,n
f,y,n,t,n
f,y,g,t,n
f,y,g,t,n
x,f,g,f,f
f,y,g,t,n
f,f,e,t,n
x,f,g,f,c
f,y,g,t,n
f,y,g,f,f
f,f,e,t,n
x,f,g,f,f
f,y,g,t,n
x,f,p,f,c
f,f,e,t,n
x,f,p,f,c
x,s,w,f,c
f,y,g,t,n
x,s,p,f,c
x,f,g,f,f
x,f,n,t,n
f,y,g,t,n
f,y,e,t,n
x,f,g,f,f
x,f,g,f,c
x,f,g,f,f
x,f,w,f,c
f,y,n,t,n
f,y,g,t,n
x,f,w,f,c
x,y,g,t,n
f,y,n,t,n
f,f,g,t,n
x,y,e,t,n
f,y,e,t,n
x,f,w,f,c
f,f,e,t,n
x,y,y,f,f
f,f,g,t,n
f,y,n,t,n
x,f,g,f,c
x,s,p,f,c
f,f,e,t,n
x,f,g,t,n
f,y,g,t,n
x,f,g,f,f
x,y,n,t,n
f,y,g,t,n
f,f,g,t,n
x,f,g,f,c
f,y,n,t,n
x,f,g,f,f
f,y,g,t,n
f,f,e,t,n
f,f,e,t,n
x,s,w,f,c
x,f,w,f,c
f,f,e,t,n
f,f,e,t,n
f,y,n,t,n
x,f,g,f,f
f,y,g,t,n
x,f,g,f,f
f,f,e,t,n
x,f,g,f,f
f,y,g,t,n
f,f,e,t,n
f,y,n,t,n
x,f,g,f,f
f,f,e,t,n
x,f,g,t,n
f,y,g,t,n
x,f,w,f,c
f,f,e,t,n
f,f,e,t,n
f,y,e,t,n
x,f,e,t,n
f,y,n,t,n
x,f,g,f,f
x,f,g,t,n
x,f,g,f,f
f,y,g,t,n
f,y,n,t,n
x,y,g,f,f
f,y,g,t,n
f,f,g,f,f
f,y,e,t,n
x,s,g,f,c
f,y,e,t,n
f,y,n,t,n
x,f,e,t,n
f,y,e,t,n
f,y,g,t,n
x,s,p,f,c
f,f,g,f,f
f,f,g,t,n
f,f,e,t,n
x,f,p,f,c
f,f,n,t,n
f,y,g,t,n
f,y,e,t,n
f,y,e,t,n
x,f,g,t,n
x,s,w,f,c
f,y,g,t,n
x,y,g,f,f
f,y,n,t,n
f,y,n,t,n
x,s,g,f,c
f,y,g,t,n
f,y,e,t,n
x,f,g,f,f
x,y,n,t,n
f,y,e,t,n
f,f,e,t,n
x,s,p,f,c
x,f,g,f,f
f,y,e,t,n
f,y,g,t,n
x,s,p,f,c
f,f,g,t,n
f,f,e,t,n
f,f,n,t,n
x,y,g,t,n
x,y,n,t,n
f,y,n,t,n
x,f,p,f,c
f,f,e,t,n
x,y,y,f,f
x,s,g,f,c
f,y,n,t,n
f,f,g,f,f
x,f,g,f,c
f,y,g,t,n
f,y,g,t,n
f,y,g,t,n
x,y,n,t,n
x,f,y,f,f
f,f,g,t,n
x,f,g,f,f
f,y,e,t,n
f,f,e,t,n
f,f,g,f,f
f,f,e,t,n
x,f,y,f,f
f,f,e,t,n
f,f,g,t,n
f,f,e,t,n
f,y,e,t,n
f,y,e,t,n
f,y,n,t,n
f,f,g,t,n
f,f,e,t,n
x,f,g,f,f
f,y,n,t,n
x,f,g,f,c
f,y,n,t,n
f,y,g,t,n
x,f,e,t,n
f,y,e,t,n
f,f,g,t,n
x,y,g,t,n
x,f,p,f,c
x,y,n,t,n
f,y,n,t,n
f,y,g,t,n
f,f,g,f,f
f,y,g,t,n
f,y,e,t,n
x,f,g,f,f
f,y,n,t,n
x,f,g,f,f
f,f,e,t,n
x,y,n,t,n
x,y,g,t,n
f,y,e,t,n
x,y,g,f,f
x,s,g,f,c
x,f,g,f,f
x,f,g,f,f
f,f,g,f,f
f,f,g,t,n
x,f,g,f,f
f,y,e,t,n
f,y,n,t,n
f,y,n,t,n
x,y,y,f,f
f,y,g,t,n
x,f,p,f,c
f,f,e,t,n
f,y,n,t,n
x,y,n,t,n
f,f,e,t,n
x,f,g,f,f
x,f,g,f,f
f,f,g,t,n
x,f,n,t,n
x,f,g,f,f
f,f,g,t,n
x,f,p,f,c
f,y,n,t,n
f,y,g,t,n
x,f,g,f,f
x,f,e,t,n
x,s,g,f,c
x,f,g,f,f
f,y,n,t,n
x,f,g,f,f
f,y,e,t,n
f,f,g,t,n
f,f,g,t,n
f,y,n,t,n
f,y,e,t,n
f,y,g,t,n
f,y,e,t,n
f,y,n,t,n
x,y,y,f,f
f,f,g,t,n
f,y,n,t,n
x,f,g,f,f
x,f,g,f,f
x,f,g,f,f
f,y,e,t,n
f,y,n,t,n
x,y,g,f,f
x,f,g,f,f
f,y,g,f,f
f,y,n,t,n
x,f,g,f,c
f,f,e,t,n
f,f,y,f,f
f,y,n,t,n
x,y,e,t,n
x,f,g,f,f
x,y,n,t,n
x,s,w,f,c
f,y,g,t,n
f,f,e,t,n
f,y,g,t,n
x,f,g,f,f
f,y,e,t,n
f,y,e,t,n
x,s,p,f,c
f,f,e,t,n
f,f,g,t,n
f,f,g,t,n
f,f,g,t,n
x,f,g,f,f
f,y,n,t,n
f,y,g,t,n
f,y,n,t,n
x,s,p,f,c
f,y,e,t,n
f,y,g,t,n
f,y,e,t,n
x,s,w,f,c
x,f,g,f,f
f,y,n,t,n
x,f,g,f,f
x,f,w,f,c
f,y,n,t,n
f,y,g,t,n
f,y,g,t,n
f,y,g,t,n
x,f,w,f,c
f,f,e,t,n
x,f,g,f,f
f,y,n,t,n
f,y,n,t,n
x,s,p,f,c
f,y,g,t,n
x,s,p,f,c
x,y,n,t,n
x,y,g,f,f
f,y,e,t,n
x,f,p,f,c
x,f,g,f,f
f,f,e,t,n
f,f,e,t,n
x,f,g,f,c
x,f,g,f,f
f,y,g,t,n
x,f,g,f,f
f,f,e,t,n
f,y,n,t,n
f,y,y,f,f
f,y,e,t,n
f,y,e,t,n
f,y,n,t,n
x,f,n,t,n
f,y,g,f,f
f,y,g,t,n
f,f,e,t,n
f,y,n,t,n
x,y,g,t,n
x,y,n,t,n
x,f,g,f,f
x,s,w,f,c
f,f,y,f,f
f,y,n,t,n
f,y,e,t,n
f,f,e,t,n
f,f,e,t,n
f,y,e,t,n
f,y,n,t,n
f,y,e,t,n
x,y,g,f,f
f,y,e,t,n
f,y,n,t,n
x,f,g,f,f
x,f,w,f,c
x,f,g,f,c
x,y,n,t,n
f,f,y,f,f
x,s,g,f,c
f,y,e,t,n
f,y,e,t,n
f,f,e,t,n
x,f,y,f,f
f,y,n,t,n
f,f,e,t,n
f,y,e,t,n
x,f,y,f,f
x,f,g,f,c
f,f,e,t,n
x,s,g,f,c
x,f,w,f,c
x,f,g,f,f
f,y,g,t,n
f,f,e,t,n
f,f,y,f,f
f,f,e,t,n
f,y,e,t,n
f,f,g,t,n
f,y,e,t,n
f,f,g,t,n
f,y,n,t,n
f,y,e,t,n
f,y,n,t,n
f,f,e,t,n
f,y,e,t,n
f,f,g,t,n
x,f,g,t,n
f,y,n,t,n
f,y,n,t,n
x,f,e,t,n
f,f,n,t,n
x,f,g,f,f
f,y,e,t,n
x,y,g,t,n
f,y,n,t,n
f,y,n,t,n
f,y,g,t,n
x,f,g,f,f
f,f,e,t,n
f,f,g,f,f
f,y,g,t,n
f,y,g,t,n
f,f,g,t,n
f,f,y,f,f
x,y,n,t,n
f,y,g,t,n
f,f,g,f,f
f,y,n,t,n
x,f,g,f,c
f,y,e,t,n
x,s,w,f,c
f,y,n,t,n
x,s,w,f,c
f,y,e,t,n
f,f,g,t,n
f,f,e,t,n
f,y,e,t,n
x,s,g,f,c
f,y,e,t,n
f,y,e,t,n
x,f,p,f,c
f,f,e,t,n
x,s,p,f,c
f,f,e,t,n
f,f,g,f,f
f,y,g,t,n
x,f,g,f,f
f,y,n,t,n
f,y,e,t,n
f,y,n,t,n
x,s,p,f,c
x,y,g,f,f
f,f,e,t,n
f,f,g,t,n
f,y,g,t,n
f,y,e,t,n
f,y,e,t,n
x,f,g,t,n
x,f,g,f,f
x,y,n,t,n
f,y,e,t,n
f,f,e,t,n
x,f,w,f,c
f,y,e,t,n
f,y,g,t,n
x,f,g,f,f
f,y,g,t,n
x,s,w,f,c
f,f,e,t,n
x,s,w,f,c
x,f,g,f,f
x,f,g,f,f
f,y,g,t,n
f,y,g,t,n
f,y,e,t,n
f,y,e,t,n
x,f,g,f,f
f,f,e,t,n
f,f,e,t,n
x,y,g,f,f
f,f,e,t,n
x,f,g,f,c
f,y,g,t,n
f,y,e,t,n
f,y,e,t,n
f,y,g,t,n
x,f,e,t,n
f,y,g,t,n
x,s,p,f,c
f,y,n,t,n
x,f,g,f,f
f,y,e,t,n
f,y,g,t,n
f,f,e,t,n
x,s,w,f,c
x,f,w,f,c
x,y,n,t,n
f,f,e,t,n
f,y,e,t,n
x,y,g,t,n
x,f,g,f,f
x,f,w,f,c
f,y,n,t,n
f,f,e,t,n
x,f,w,f,c
x,s,g,f,c
x,y,e,t,n
x,f,g,f,f
x,f,g,f,c
x,f,g,f,f
x,s,g,f,c
x,f,g,t,n
x,f,p,f,c
f,f,e,t,n
x,s,p,f,c
x,f,g,f,c
f,y,e,t,n
x,f,g,f,c
x,s,g,f,c
f,y,g,t,n
f,y,n,t,n
x,f,g,f,c
f,f,e,t,n
x,s,w,f,c
f,y,n,t,n
x,f,g,f,f
f,y,g,f,f
f,y,g,t,n
x,f,g,f,f
f,y,g,t,n
x,f,g,f,f
f,f,g,f,f
f,f,e,t,n
f,f,g,t,n
x,f,w,f,c
f,f,g,t,n
x,f,g,f,f
x,y,y,f,f
f,y,g,f,f
x,f,y,f,f
x,f,w,f,c
x,y,y,f,f
x,y,y,f,f
x,f,y,f,f
f,f,y,f,f
f,f,y,f,f
f,y,g,t,n
x,y,g,f,f
f,f,y,f,f
f,f,y,f,f
x,f,g,t,n
f,y,n,t,n
f,y,e,t,n
x,y,y,f,f
f,y,g,f,f
f,y,g,f,f
f,y,e,t,n
f,y,g,f,f
f,f,e,t,n
f,f,g,t,n
f,f,g,t,n
x,f,g,f,f
x,y,y,f,f
f,f,y,f,f
f,y,e,t,n
x,f,y,f,f
f,y,g,f,f
f,f,y,f,f
f,y,y,f,f
x,y,g,f,f
f,f,y,f,f
x,s,p,f,c
x,y,y,f,f
f,f,e,t,n
f,y,e,t,n
x,f,p,f,c
x,f,y,f,f
f,y,g,f,f
x,y,g,t,n
f,f,e,t,n
f,y,g,f,f
f,y,g,t,n
x,f,y,f,f
f,y,g,f,f
f,f,e,t,n
x,y,y,f,f
f,f,y,f,f
x,y,y,f,f
f,f,g,f,f
x,s,p,f,c
x,f,g,f,c
x,y,g,f,f
x,y,y,f,f
f,f,g,f,f
f,y,g,t,n
x,s,g,t,f
x,y,y,f,f
f,f,g,t,n
f,f,y,f,f
x,y,g,f,f
f,f,y,f,f
x,y,g,f,f
f,y,g,f,f
f,y,y,f,f
x,f,y,f,f
x,s,w,f,c
x,y,g,f,f
x,f,g,f,f
f,y,n,t,n
f,f,g,t,n
x,f,y,f,f
x,s,p,f,c
f,f,g,f,f
x,f,g,f,f
x,s,w,f,c
f,f,e,t,n
f,y,g,f,f
x,f,p,f,c
f,s,w,t,f
x,y,y,f,f
x,y,b,t,n
f,f,g,f,f
x,f,g,f,f
x,f,y,f,f
f,f,y,f,f
f,f,g,t,n
x,f,y,f,f
x,y,g,f,f
f,f,g,f,f
x,f,g,f,c
x,f,g,f,c
x,y,g,f,f
x,s,g,t,f
x,y,g,f,f
f,y,g,t,n
f,f,y,f,f
f,f,e,t,n
f,y,g,f,f
f,y,n,t,n
f,f,e,t,n
x,y,g,f,f
x,y,g,f,f
f,f,e,t,n
f,f,g,f,f
f,f,g,t,n
f,y,e,t,n
f,y,e,t,n
f,f,g,f,f
x,f,e,t,n
f,y,g,f,f
x,y,y,f,f
f,y,y,f,f
x,f,y,f,f
x,y,y,f,f
x,f,g,t,n
x,y,g,t,n
f,y,g,f,f
f,f,y,f,f
x,y,g,f,f
x,y,e,f,y
x,y,g,f,f
x,y,g,f,f
x,s,g,f,c
f,f,g,f,f
f,s,b,t,f
x,y,g,f,f
x,y,y,f,f
x,s,w,f,c
x,y,y,f,f
f,f,e,t,n
x,y,g,f,f
x,f,y,f,f
x,f,y,f,f
f,f,g,f,f
x,f,y,f,f
f,f,g,t,n
x,f,g,f,f
f,y,n,t,n
f,y,g,f,f
f,f,g,f,f
f,f,g,f,f
x,s,w,f,c
x,y,g,f,f
f,y,n,t,n
x,f,w,f,c
x,f,y,f,f
x,f,y,f,f
x,f,p,f,c
f,f,y,f,f
f,f,g,f,f
f,y,e,t,n
x,y,y,f,f
f,f,y,f,f
x,f,g,f,c
x,s,p,f,c
x,f,e,t,n
x,y,y,f,f
f,f,n,t,n
f,y,e,t,n
f,y,y,f,f
x,f,y,f,f
x,y,g,f,f
f,f,g,f,f
f,f,y,f,f
f,y,g,t,n
x,y,g,f,f
x,y,y,f,f
f,f,g,f,f
f,f,y,f,f
f,f,e,t,n
f,y,n,t,n
x,f,y,f,f
f,y,u,f,n
f,y,n,t,n
f,y,y,f,f
f,f,y,f,f
x,y,g,f,f
x,y,g,f,f
f,f,y,f,f
x,y,y,f,f
x,f,y,f,f
x,y,g,f,f
x,f,y,f,f
x,f,g,t,n
f,y,g,f,f
f,y,e,t,n
x,f,g,f,f
f,f,y,f,f
f,y,n,t,n
f,f,g,t,n
f,y,g,f,f
x,f,e,t,n
f,f,e,t,n
f,y,y,f,f
x,f,w,f,c
x,y,g,f,f
x,y,e,f,y
x,f,y,f,f
f,y,g,f,f
f,y,g,t,n
x,y,n,f,f
f,y,e,t,n
b,s,b,t,n
f,f,g,t,n
f,f,g,f,f
f,y,g,t,n
f,f,y,f,f
f,f,y,f,f
f,f,g,f,f
f,f,e,t,n
x,f,g,f,f
f,f,y,f,f
x,f,y,f,f
x,f,y,f,f
f,f,y,f,f
f,f,y,f,f
x,y,g,f,f
f,y,e,t,n
f,f,g,f,f
f,f,y,f,f
f,f,n,t,n
x,y,y,f,f
x,y,y,f,f
f,y,n,t,n
f,y,g,f,f
f,f,e,t,n
x,y,y,f,f
f,y,g,f,f
x,y,y,f,f
x,s,g,f,c
f,f,g,t,n
f,y,g,f,f
x,f,g,f,f
f,y,g,f,f
f,y,n,t,n
x,y,y,f,f
f,f,g,f,f
f,y,e,t,n
f,y,e,t,n
f,s,g,t,f
x,f,g,f,f
f,y,g,f,f
x,y,g,f,f
x,f,y,f,f
f,y,g,f,f
f,y,g,f,f
f,y,e,t,n
x,y,g,f,f
f,y,g,f,f
x,y,g,f,f
f,f,e,t,n
f,y,e,t,n
f,y,e,t,n
f,f,y,f,f
f,f,g,f,f
f,y,n,t,n
x,y,g,f,f
f,f,g,t,n
x,f,y,f,f
x,y,y,f,f
x,y,y,f,f
f,f,c,f,n
x,f,g,f,f
f,f,g,f,f
x,y,g,f,f
f,y,g,f,f
x,s,b,t,f
f,f,g,f,f
x,y,g,f,f
f,f,y,f,f
f,f,g,f,f
f,f,g,f,f
f,f,g,t,n
x,f,y,f,f
x,f,y,f,f
f,y,e,t,n
f,y,g,f,f
f,f,g,f,f
x,y,y,f,f
f,f,g,t,n
x,f,g,f,f
x,f,g,f,f
f,y,n,t,n
f,f,g,t,n
x,y,g,f,f
f,y,y,f,f
f,f,y,f,f
f,f,g,f,f
f,f,g,f,f
f,y,g,f,f
f,s,b,t,f
f,f,e,t,n
x,y,n,f,y
x,y,g,t,n
x,f,g,f,c
x,f,p,f,c
x,y,n,f,y
f,f,g,f,f
x,f,y,f,f
x,s,g,t,f
f,y,g,f,f
x,f,y,f,f
f,y,g,f,f
f,f,g,f,f
f,y,g,f,f
x,y,g,f,f
f,f,g,f,f
x,f,y,f,f
f,f,y,f,f
x,f,y,f,f
x,f,y,f,f
x,y,y,f,f
f,s,g,t,f
x,f,y,f,f
f,f,y,f,f
f,y,g,f,f
f,f,y,f,f
f,f,y,f,f
x,y,g,f,f
x,y,g,f,f
f,y,e,t,n
f,f,y,f,f
f,f,g,f,f
f,y,g,f,f
x,f,y,f,f
x,f,y,f,f
x,f,g,f,f
x,y,y,f,f
f,s,w,t,f
f,f,y,f,f
f,f,y,f,f
f,y,g,f,f
f,f,y,f,f
f,f,y,f,f
f,f,g,f,f
x,y,g,f,f
x,f,y,f,f
f,f,g,f,f
x,f,y,f,f
f,y,g,f,f
x,y,y,f,f
x,s,w,t,f
f,f,g,f,f
x,s,b,t,f
f,y,g,f,f
x,y,g,f,f
x,f,y,f,f
x,f,y,f,f
x,y,y,f,f
f,y,g,t,n
f,y,y,f,f
x,y,g,f,f
f,f,y,f,f
f,y,y,f,f
f,f,y,f,f
x,y,g,f,f
f,f,g,f,f
x,y,g,f,f
x,f,p,f,c
x,y,y,f,f
x,f,y,f,f
f,f,y,f,f
x,y,g,f,f
f,f,g,f,f
x,y,g,f,f
x,f,y,f,f
x,f,y,f,f
x,y,g,f,f
x,y,y,f,f
f,y,g,f,f
f,y,g,f,f
x,f,y,f,f
k,y,n,f,n
f,f,g,f,f
x,y,y,f,f
f,f,y,f,f
x,y,g,f,f
x,f,g,f,f
f,f,y,f,f
f,s,p,t,n
f,f,y,f,f
x,f,y,f,f
x,y,g,f,f
f,y,g,f,f
x,f,y,f,f
f,y,g,f,f
f,y,g,f,f
k,s,p,t,n
x,f,y,f,f
f,f,y,f,f
f,f,g,f,f
f,f,g,f,f
x,f,y,f,f
f,f,g,f,f
x,y,g,f,f
f,y,y,f,f
f,f,g,f,f
x,f,y,f,f
f,f,g,f,f
f,f,g,f,f
f,f,y,f,f
f,y,g,t,n
f,y,g,f,f
f,y,g,f,f
f,y,g,f,f
x,y,y,f,f
x,y,g,f,f
x,y,y,f,f
f,f,y,f,f
x,f,y,f,f
x,y,y,f,f
f,f,g,f,f
x,f,y,f,f
f,f,g,f,f
f,y,g,f,f
f,f,g,f,f
f,y,y,f,f
f,f,g,f,f
x,f,y,f,f
f,y,g,f,f
f,y,g,f,f
f,y,g,f,f
x,y,r,f,n
f,y,y,f,f
x,f,y,f,f
x,y,n,f,s
f,y,y,f,f
k,y,n,f,n
f,f,y,f,f
x,y,g,f,f
x,y,g,f,f
f,y,g,f,f
x,f,y,f,f
x,f,g,f,f
x,y,g,f,f
x,y,g,f,f
x,y,g,f,f
f,y,e,t,n
f,f,y,f,f
x,y,y,f,f
f,f,y,f,f
x,f,y,f,f
f,f,g,f,f
f,f,g,f,f
x,y,y,f,f
f,s,b,t,f
x,y,g,f,f
x,y,y,f,f
f,f,g,f,f
f,y,g,f,f
f,f,y,f,f
f,y,g,f,f
x,y,g,f,f
x,s,e,t,n
f,f,g,f,f
f,f,y,f,f
f,y,g,f,f
x,y,y,f,f
f,y,g,f,f
x,f,y,f,f
b,y,w,t,n
f,s,b,t,f
x,y,y,f,f
f,y,g,f,f
f,y,g,f,f
f,y,y,f,f
f,f,g,f,f
x,y,y,f,f
x,f,y,f,f
f,f,g,f,f
x,s,w,t,f
f,y,g,t,n
x,y,n,f,y
f,y,g,f,f
f,f,g,f,f
f,y,e,t,n
x,y,b,t,n
x,y,y,f,f
x,y,y,f,f
x,y,y,f,f
x,y,y,f,f
f,f,y,f,f
f,y,g,f,f
x,f,g,f,f
f,y,y,f,f
x,y,g,f,f
x,y,y,f,f
f,y,g,f,f
f,y,y,f,f
x,y,g,f,f
f,y,g,f,f
f,y,g,f,f
x,y,u,f,n
x,f,g,f,f
f,f,y,f,f
f,f,y,f,f
x,f,y,f,f
f,f,y,f,f
f,f,g,f,f
f,y,g,f,f
f,f,g,f,f
f,f,y,f,f
f,y,y,f,f
f,f,g,f,f
f,y,g,f,f
f,f,y,f,f
f,f,e,t,n
f,s,b,t,f
f,y,g,f,f
f,f,g,f,f
x,y,y,f,f
f,f,y,f,f
f,y,y,f,f
f,y,n,t,n
f,y,y,f,f
x,s,b,t,n
x,y,y,f,f
x,f,y,f,f
x,y,y,f,f
f,y,g,f,f
f,f,e,t,n
f,f,y,f,f
f,f,y,f,f
x,y,y,f,f
x,f,y,f,f
x,y,n,f,y
f,f,y,f,f
x,y,y,f,f
f,f,y,f,f
f,f,y,f,f
f,y,g,f,f
f,y,g,f,f
f,y,g,f,f
f,f,g,f,f
x,s,g,f,c
x,y,y,f,f
f,s,g,t,f
x,y,g,f,f
x,y,y,f,f
x,y,y,f,f
f,y,g,t,n
f,f,g,f,f
f,y,y,f,f
f,y,g,f,f
x,y,y,f,f
x,y,g,f,f
x,f,y,f,f
f,y,n,t,n
x,y,g,f,f
f,f,y,f,f
x,y,g,f,f
x,y,y,f,f
f,f,g,f,f
f,f,g,f,f
x,y,y,f,f
k,y,b,t,n
x,y,y,f,f
x,y,n,f,s
f,y,g,f,f
x,y,g,f,f
f,y,y,f,f
f,y,g,f,f
f,f,g,f,f
f,y,y,f,f
x,f,y,f,f
x,s,w,t,f
x,y,y,f,f
f,f,y,f,f
x,f,y,f,f
x,y,y,f,f
f,y,y,f,f
x,y,y,f,f
x,y,y,f,f
f,y,g,f,f
f,f,y,f,f
f,f,g,f,f
f,y,n,t,n
x,y,y,f,f
x,y,g,f,f
f,y,g,f,f
f,y,g,f,f
x,y,y,f,f
f,f,g,f,f
x,y,g,f,f
x,y,y,f,f
x,f,y,f,f
f,f,y,f,f
f,f,c,f,n
f,y,g,f,f
x,y,g,f,f
f,f,y,f,n
f,f,y,f,f
x,s,g,t,f
f,s,n,t,n
x,y,n,f,y
x,s,g,f,c
x,f,y,f,f
f,y,g,f,f
f,y,g,f,f
x,y,y,f,f
x,y,y,f,f
x,y,g,f,f
f,y,g,f,f
f,y,g,f,f
f,f,y,f,f
x,f,y,f,f
f,f,y,f,f
f,f,g,f,f
f,f,y,f,f
f,y,y,f,f
f,f,y,f,f
f,f,y,f,f
x,y,g,f,f
x,y,g,f,f
x,y,g,f,f
x,s,b,t,n
f,f,g,f,f
x,f,y,f,f
x,y,n,f,s
x,y,g,f,f
f,y,g,f,f
f,y,g,f,f
f,f,y,f,f
x,y,y,f,f
x,f,y,f,f
f,f,g,f,f
x,y,g,f,f
f,f,y,f,f
x,f,y,f,f
x,y,u,f,n
f,y,b,t,n
f,y,y,f,f
x,y,y,f,f
x,y,g,f,f
f,f,g,f,f
f,y,g,f,f
f,f,g,f,f
f,y,g,f,f
x,f,y,f,f
f,f,y,f,f
f,f,g,f,f
f,y,y,f,f
f,y,y,f,f
f,f,g,f,f
f,s,b,t,f
f,s,w,t,n
x,y,y,f,f
f,f,y,f,f
f,y,g,f,f
x,y,y,f,f
x,f,y,f,f
x,f,y,f,f
f,f,g,t,n
x,y,u,f,n
x,y,g,f,f
f,f,y,f,f
x,y,y,f,f
f,y,g,f,f
x,y,y,f,f
x,f,y,f,f
x,y,y,f,f
f,f,y,f,f
x,y,g,f,f
f,y,g,f,f
f,y,g,f,f
x,f,y,f,f
f,f,e,t,n
x,y,y,f,f
f,f,g,f,f
x,y,g,f,f
f,y,g,f,f
f,f,g,f,f
f,f,g,f,f
f,f,g,f,f
f,y,g,f,f
f,f,y,f,f
x,f,y,f,f
x,y,g,f,f
x,y,g,f,f
x,f,w,f,c
f,f,g,f,f
x,f,y,f,f
f,y,g,f,f
x,f,y,f,f
f,y,g,f,f
f,y,g,f,f
f,f,y,f,f
x,y,g,f,f
f,y,y,f,f
f,f,y,f,f
x,f,y,f,f
f,f,y,f,f
x,y,y,f,f
f,f,y,f,f
x,f,y,f,f
f,y,g,f,f
f,f,g,f,f
f,f,y,f,f
f,f,g,f,f
f,f,g,f,f
f,f,y,f,f
x,y,y,f,f
x,y,y,f,f
f,f,y,f,f
x,y,y,f,f
x,y,y,f,f
x,y,n,f,y
f,y,b,t,n
x,f,y,f,f
x,y,y,f,f
f,y,g,f,f
x,y,y,f,f
f,y,g,f,f
f,y,g,f,f
f,f,g,f,f
x,f,y,f,f
f,f,y,f,f
f,f,y,f,f
f,y,g,f,f
f,y,g,f,f
f,f,g,f,f
f,y,g,f,f
f,f,g,f,f
f,y,g,f,f
x,f,g,f,c
f,s,b,t,f
f,f,e,t,n
x,y,y,f,f
x,y,g,f,f
f,y,g,f,f
f,f,g,t,n
x,y,y,f,f
x,y,y,f,f
f,f,y,f,f
x,f,y,f,f
x,f,y,f,f
x,y,g,f,f
f,s,w,t,f
x,y,g,f,f
x,f,y,f,f
f,y,g,f,f
x,y,g,f,f
x,f,y,f,f
f,y,u,f,n
f,f,y,f,f
f,y,g,f,f
x,y,y,f,f
f,f,g,f,f
f,y,n,t,n
x,f,y,f,f
f,f,g,f,f
x,y,g,f,f
f,f,y,f,f
x,f,y,f,f
x,y,y,f,f
x,f,y,f,f
f,y,g,f,f
x,s,w,t,f
f,y,e,t,n
x,y,u,f,n
x,y,y,f,f
x,y,g,f,f
x,f,y,f,f
f,f,g,f,f
x,y,g,f,f
f,f,g,f,f
f,f,y,f,f
x,y,g,f,f
f,y,g,f,f
f,s,p,t,n
f,f,g,f,f
x,y,y,f,f
x,y,g,f,f
f,f,y,f,f
x,f,y,f,f
f,y,g,f,f
f,y,y,f,f
x,y,g,f,f
x,y,g,f,f
f,f,y,f,f
f,f,g,f,f
x,y,g,f,f
f,f,y,f,f
f,y,g,f,f
x,y,g,f,f
f,f,g,f,f
x,y,g,f,f
f,f,g,f,f
x,y,y,f,f
x,f,y,f,f
x,y,g,f,f
f,f,y,f,f
f,y,n,t,n
f,f,g,f,f
x,y,y,f,f
x,s,g,t,f
f,y,y,f,f
x,y,y,f,f
x,f,w,f,c
x,f,y,f,f
f,s,b,t,f
x,y,y,f,f
x,y,g,f,f
f,f,y,f,f
f,s,p,t,n
f,s,b,t,f
x,y,g,f,f
x,y,g,f,f
x,y,g,f,f
f,f,g,f,f
f,f,g,f,f
x,f,y,f,f
f,f,y,f,f
f,y,u,f,n
x,f,y,f,f
f,f,e,t,n
f,f,y,f,f
x,f,y,f,f
x,y,n,f,f
x,y,g,f,f
x,f,y,f,f
f,f,g,f,f
x,y,g,f,f
x,y,g,f,f
x,f,y,f,f
f,f,y,f,f
f,y,g,f,f
f,y,g,f,f
f,y,n,t,n
x,y,y,f,f
f,f,e,t,n
x,f,y,f,f
x,y,g,f,f
f,y,g,f,f
x,f,y,f,f
f,f,g,f,f
f,f,g,f,f
f,y,g,f,f
f,y,g,f,f
x,f,y,f,f
x,y,y,f,f
f,f,y,f,f
x,y,g,f,f
f,f,y,f,f
f,y,g,f,f
x,f,p,f,c
f,f,y,f,f
x,y,g,f,f
x,y,y,f,f
x,y,g,f,f
f,y,y,f,f
x,y,g,f,f
x,f,y,f,f
f,y,g,f,f
f,y,g,f,f
x,y,y,f,f
f,f,y,f,f
x,y,g,f,f
x,y,y,f,f
x,y,g,f,f
x,y,g,f,f
x,f,y,f,f
x,y,g,f,f
f,f,g,f,f
f,f,g,f,f
x,y,g,f,f
x,f,y,f,f
x,y,g,f,f
f,f,g,f,f
x,y,y,f,f
x,f,y,f,f
f,y,g,f,f
f,f,g,f,f
x,s,p,t,n
f,f,y,f,f
x,s,p,f,c
x,f,y,f,f
f,f,g,f,f
x,f,y,f,f
f,f,e,t,n
x,y,y,f,f
x,f,y,f,f
f,y,g,f,f
f,f,y,f,f
f,y,n,t,n
x,y,y,f,f
f,f,g,f,f
x,y,y,f,f
f,f,y,f,f
f,y,y,f,f
f,y,g,f,f
f,f,g,f,f
x,y,y,f,f
f,y,g,f,f
x,y,y,f,f
f,f,g,t,n
x,s,g,t,f
x,y,n,f,f
f,s,g,t,f
f,y,g,f,f
f,y,y,f,f
f,y,g,f,f
f,y,e,t,n
f,y,g,f,f
x,f,y,f,f
f,f,g,f,f
x,y,y,f,f
f,f,y,f,f
f,y,n,t,n
f,y,g,f,f
k,f,n,f,n
f,f,g,f,f
f,f,y,f,f
x,y,n,f,s
f,f,g,f,f
f,f,g,f,f
f,s,w,t,f
f,f,y,f,f
x,y,g,f,f
x,f,y,f,f
x,y,e,t,n
f,y,y,f,f
b,f,y,f,n
f,y,y,f,f
x,s,g,t,f
f,y,y,f,f
f,f,y,f,f
k,y,e,t,n
f,f,y,f,f
f,f,y,f,f
k,y,n,f,n
x,s,w,f,c
x,f,y,f,f
x,f,y,f,f
x,f,y,f,f
f,y,y,f,f
b,s,b,t,n
x,s,w,t,f
f,y,e,t,n
b,s,w,t,n
f,y,p,t,n
x,s,w,t,f
k,y,n,t,n
x,y,y,f,f
f,s,b,t,f
f,y,g,f,f
x,y,y,f,f
x,y,g,f,f
x,f,y,f,f
x,y,y,f,f
x,y,y,f,f
x,f,y,f,f
x,y,g,f,f
f,f,g,f,f
k,s,e,t,n
f,y,n,t,n
f,s,b,t,n
x,y,y,f,f
f,f,g,t,n
f,f,y,f,f
f,y,g,f,f
x,s,g,t,f
f,f,g,f,f
x,f,y,f,f
f,f,y,f,f
x,y,n,f,f
f,f,g,f,f
f,y,n,t,n
f,y,e,t,n
f,y,g,f,f
x,y,y,f,f
f,f,g,f,f
f,f,e,t,n
x,y,y,f,f
f,f,y,f,f
f,f,g,f,f
f,y,y,f,f
x,y,g,f,f
b,y,w,t,n
f,f,y,f,f
x,y,n,f,f
f,f,g,f,f
x,y,y,f,f
f,y,y,f,f
f,y,p,t,n
x,s,w,t,f
f,y,g,f,f
x,y,g,f,f
x,f,y,f,f
f,s,b,t,f
x,f,g,f,c
x,f,y,f,f
f,y,g,f,f
f,y,y,f,f
x,y,r,f,n
f,y,w,f,n
x,f,y,f,f
f,y,y,f,f
f,y,y,f,f
x,y,e,f,y
x,y,e,f,y
x,y,g,f,f
x,y,y,f,f
f,f,g,f,f
x,y,g,f,f
x,y,y,f,f
f,f,y,f,f
f,s,e,t,n
f,f,y,f,f
x,y,y,f,f
f,s,g,t,f
f,f,y,f,f
x,y,y,f,f
x,f,y,f,f
x,s,g,t,f
f,y,g,f,f
f,f,g,f,f
x,s,w,f,c
f,y,g,f,f
f,y,e,t,n
x,f,y,f,f
x,y,y,f,f
k,s,b,t,n
f,f,y,f,f
f,f,y,f,f
x,y,y,f,f
x,f,n,f,n
x,y,e,t,n
x,y,g,f,f
x,f,y,f,f
f,s,g,t,f
x,y,y,f,f
f,y,g,f,f
x,y,g,f,f
x,y,n,f,s
k,s,b,t,n
f,f,y,f,f
x,f,g,f,f
f,y,g,f,f
x,f,y,f,f
f,y,y,f,f
k,s,p,t,n
f,y,n,f,n
x,y,g,f,f
x,f,y,f,f
x,y,g,f,f
f,s,b,t,f
f,s,b,t,n
f,s,w,t,f
f,y,g,f,f
x,f,y,f,f
f,y,g,f,f
f,y,y,f,f
f,f,y,f,f
x,s,b,t,f
f,f,g,f,f
x,y,g,f,f
f,f,y,f,f
f,y,y,f,f
f,s,g,t,f
f,s,b,t,n
x,s,p,t,n
k,s,n,t,n
f,y,p,t,n
f,y,g,f,f
x,y,y,f,f
f,f,g,f,f
f,f,g,f,f
x,f,y,f,f
f,f,g,f,f
f,y,g,f,f
f,y,y,f,f
f,f,y,f,f
f,y,y,f,f
x,y,y,f,f
x,y,y,f,f
f,y,g,f,f
f,f,g,f,f
x,y,y,f,f
x,y,y,f,f
f,y,u,f,n
f,f,g,f,f
x,y,n,f,y
x,y,y,f,f
x,y,y,f,f
x,y,g,f,f
f,f,y,f,f
x,f,y,f,f
x,y,g,f,f
f,s,b,t,n
f,f,g,f,f
f,y,y,f,f
x,s,n,t,n
f,f,g,f,f
x,y,g,f,f
x,y,n,f,f
f,f,y,f,f
x,y,n,f,n
b,s,b,t,n
f,f,y,f,f
f,y,g,f,f
f,y,u,f,n
x,f,y,f,f
f,y,y,f,f
f,f,y,f,f
x,y,y,f,f
x,y,e,t,n
f,f,g,f,f
x,y,y,f,f
x,y,y,f,f
f,y,g,f,f
k,s,b,t,n
f,y,y,f,f
x,y,g,f,f
x,f,y,f,f
f,f,y,f,f
f,s,w,t,f
x,s,g,f,c
f,y,y,f,f
f,y,u,f,n
x,f,y,f,f
f,y,g,f,f
x,f,y,f,f
x,f,y,f,f
x,s,g,t,f
f,y,g,f,f
f,f,y,f,f
f,f,y,f,f
x,y,g,f,f
x,y,g,f,f
x,y,g,f,f
x,f,g,f,f
x,y,y,f,f
f,f,g,f,f
f,f,y,f,f
x,y,g,f,f
f,f,y,f,f
x,y,n,f,s
x,f,y,f,f
x,y,y,f,f
f,s,b,t,f
f,f,g,f,f
f,y,y,f,f
x,f,y,f,f
f,f,g,f,f
x,y,y,f,f
x,y,g,f,f
x,y,e,f,y
k,y,b,t,n
f,y,b,t,n
x,y,g,f,f
f,f,y,f,f
x,y,g,f,f
f,y,g,f,f
x,s,b,t,f
f,y,y,f,f
x,s,w,t,f
x,f,y,f,f
x,y,g,f,f
x,s,w,t,f
f,s,b,t,f
x,s,w,t,f
f,f,y,f,f
f,y,g,f,f
x,f,y,f,f
f,f,g,f,f
x,y,w,f,n
x,s,e,t,n
x,y,g,f,f
f,f,g,f,f
x,y,n,f,y
x,y,g,f,f
f,f,g,f,f
f,f,y,f,f
f,f,y,f,f
f,f,e,t,n
x,y,y,f,f
f,y,y,f,f
f,f,g,f,f
x,y,y,f,f
x,f,y,f,f
k,f,y,f,n
f,f,y,f,f
k,f,c,f,n
f,f,g,f,f
f,y,y,f,f
x,y,g,f,f
x,y,g,f,f
f,f,y,f,f
f,y,y,f,f
x,f,y,f,f
f,f,y,f,f
x,y,y,f,f
b,y,p,t,n
k,y,p,t,n
x,y,y,f,f
x,f,y,f,f
k,y,b,t,n
f,y,y,f,f
x,s,w,t,f
x,y,n,f,s
x,y,n,f,y
x,y,e,f,y
f,g,w,t,n
x,s,g,t,f
f,y,c,f,n
x,y,g,f,f
f,y,y,f,f
f,y,y,f,f
f,y,p,t,n
x,s,b,t,f
x,s,g,t,f
x,y,e,f,y
k,y,c,f,n
x,s,w,t,f
x,s,w,t,f
f,s,b,t,f
f,s,b,t,f
k,y,c,f,n
x,y,g,f,f
f,s,w,t,f
f,s,g,t,f
c,g,w,t,n
x,s,g,t,f
b,g,w,t,n
x,s,b,t,f
f,s,w,t,f
b,f,y,f,n
x,y,n,f,s
x,y,n,f,y
k,s,n,t,n
k,y,b,t,n
f,s,w,t,f
f,s,b,t,n
f,y,y,f,f
x,y,g,f,f
f,s,b,t,n
x,y,n,f,f
x,y,e,f,y
f,f,g,f,f
x,s,e,t,n
x,y,n,f,f
x,f,y,f,f
x,y,n,f,y
f,f,n,f,n
x,y,n,f,f
x,s,b,t,n
f,y,n,t,n
f,y,y,f,f
f,y,b,t,n
x,y,n,f,n
x,y,n,f,y
x,s,b,t,f
x,s,b,t,f
f,y,y,f,f
f,s,g,t,f
x,y,n,f,f
x,s,b,t,f
f,f,n,f,n
x,y,e,t,n
f,s,b,t,f
f,s,w,t,f
k,y,e,t,n
x,f,y,f,f
x,f,n,f,n
x,y,n,t,n
x,y,g,f,f
f,s,b,t,f
f,s,b,t,f
f,y,y,f,f
f,y,y,f,f
x,s,p,t,n
f,s,p,t,n
b,y,w,t,n
x,y,c,f,n
f,s,n,t,n
x,s,b,t,f
x,s,g,t,f
f,y,y,f,f
x,s,b,t,f
x,s,w,t,f
f,y,c,f,n
x,y,e,f,y
f,f,y,f,f
x,y,w,f,n
x,y,y,f,f
f,y,p,t,n
f,s,g,t,f
x,y,n,f,s
k,s,p,t,n
x,y,n,f,f
x,y,g,f,f
f,s,b,t,f
k,y,p,t,n
x,f,y,f,f
f,y,g,f,f
f,f,g,f,f
x,s,b,t,f
x,y,n,f,f
x,y,y,f,f
f,f,y,f,f
f,f,n,f,n
k,s,b,t,n
f,y,y,f,f
x,y,e,f,y
x,s,g,t,f
f,s,n,t,n
x,y,g,f,f
x,y,n,f,y
x,s,g,t,f
x,s,g,t,f
f,y,p,t,n
k,y,b,t,n
x,s,w,t,f
x,y,n,f,y
k,y,n,t,n
f,y,y,f,f
x,y,p,t,n
f,s,g,t,f
x,s,p,t,n
b,y,n,f,n
f,s,b,t,f
x,y,n,f,f
x,y,n,f,f
x,s,b,t,f
x,y,n,f,f
k,y,p,t,n
k,f,c,f,n
x,y,y,f,f
x,s,n,t,n
f,f,g,f,f
f,y,y,f,f
f,s,g,t,f
k,y,w,t,n
k,f,n,f,n
k,f,y,f,n
f,s,w,t,f
f,y,y,f,n
f,y,y,f,f
k,s,b,t,n
f,y,y,f,f
x,y,n,f,y
x,y,y,f,f
x,y,y,f,f
b,y,w,t,n
f,y,y,f,f
x,s,w,t,f
x,s,b,t,f
k,y,b,t,n
f,y,y,f,f
x,s,b,t,f
b,y,b,t,n
x,s,w,t,f
k,s,n,t,n
f,s,g,t,f
x,f,y,f,n
f,s,g,t,f
f,y,y,f,f
k,y,n,f,n
f,s,b,t,f
f,s,e,t,n
x,y,n,f,f
x,y,n,f,y
x,y,n,f,y
x,s,w,t,f
k,s,n,t,n
f,y,g,f,f
x,s,b,t,n
f,s,w,t,f
k,f,n,f,n
x,y,n,f,s
f,s,w,t,f
x,s,g,t,f
k,y,y,f,n
f,s,w,t,n
f,f,y,f,f
k,y,p,t,n
f,y,w,t,n
f,s,b,t,f
f,y,w,f,n
x,y,r,f,n
x,s,b,t,n
f,s,g,t,f
x,y,e,f,y
f,y,y,f,f
f,s,g,t,f
f,s,b,t,f
f,s,e,t,n
x,y,e,f,y
f,f,g,f,f
f,y,y,f,f
x,s,n,t,n
f,s,g,t,f
x,y,n,f,s
f,s,w,t,f
x,f,c,f,n
f,s,g,t,f
f,f,g,f,f
x,y,r,f,n
x,f,y,f,f
x,y,n,f,f
x,y,n,f,s
f,y,e,t,n
x,s,g,t,f
k,y,n,t,n
f,y,e,t,n
x,y,n,f,f
b,y,n,f,n
x,y,n,f,s
f,y,b,t,n
x,s,w,t,f
f,y,y,f,f
f,y,n,t,n
b,y,w,t,n
x,y,n,f,n
f,y,y,f,f
x,s,b,t,f
x,y,n,f,s
x,s,g,t,f
f,s,g,t,f
x,y,n,f,f
f,y,w,f,n
x,y,n,f,s
f,f,g,f,f
x,y,e,f,y
x,s,w,t,f
f,y,g,f,f
x,s,w,t,f
k,y,y,f,n
f,s,w,t,f
f,s,g,t,f
x,y,c,f,n
x,s,w,t,f
x,y,n,f,s
f,y,p,t,n
f,y,y,f,f
x,s,p,t,n
f,y,b,t,n
x,f,y,f,n
f,y,y,f,f
f,f,n,f,n
x,f,n,f,n
x,y,n,f,y
f,s,g,t,f
x,s,b,t,f
f,s,g,t,f
x,s,b,t,f
x,y,r,f,n
f,y,y,f,f
f,s,g,t,f
x,y,n,f,f
f,y,y,f,f
f,s,w,t,f
x,s,w,t,f
f,y,g,f,f
f,y,y,f,f
x,y,n,f,f
x,y,y,f,n
f,s,n,t,n
f,y,y,f,f
f,s,g,t,f
x,y,n,f,y
f,y,y,f,f
f,y,y,f,f
f,s,w,t,f
f,s,p,t,n
f,y,y,f,f
k,s,p,t,n
x,s,b,t,f
x,s,w,t,f
x,s,w,t,f
x,y,n,f,f
b,y,p,t,n
x,s,b,t,f
x,y,p,t,n
x,y,n,f,s
x,y,y,f,f
x,s,w,t,f
f,y,b,t,n
f,s,b,t,f
x,f,c,f,n
f,s,p,t,n
x,y,n,f,n
f,s,p,t,n
f,s,g,t,f
k,s,e,t,n
k,y,e,t,n
f,s,w,t,f
k,s,b,t,n
x,s,b,t,f
b,y,y,f,n
x,s,w,t,f
x,f,y,f,f
f,y,y,f,f
b,f,n,f,n
f,y,y,f,f
f,y,y,f,f
f,y,c,f,n
x,y,e,f,y
f,s,w,t,f
x,y,n,f,f
b,y,p,t,n
f,y,y,f,f
x,s,b,t,f
f,y,y,f,f
f,s,b,t,f
f,s,b,t,f
x,y,n,f,y
f,y,y,f,f
x,s,n,t,n
f,y,y,f,f
f,s,b,t,n
f,s,e,t,n
x,s,n,t,n
f,s,w,t,f
f,y,y,f,f
f,s,p,t,n
x,s,e,t,n
f,y,y,f,f
b,y,b,t,n
f,s,b,t,f
f,s,g,t,f
x,s,b,t,f
x,f,y,f,f
f,s,w,t,f
x,s,g,t,f
f,y,r,f,n
f,y,y,f,f
x,y,n,f,f
x,s,b,t,f
x,f,c,f,n
x,s,g,t,f
x,y,u,f,n
x,f,y,f,f
f,f,g,f,f
f,y,w,t,n
x,y,n,f,y
x,y,n,f,s
x,y,g,f,f
x,y,p,t,n
f,s,g,t,f
x,s,b,t,f
x,y,n,f,y
x,s,g,t,f
x,y,n,f,y
f,s,w,t,f
x,s,g,t,f
x,s,g,t,f
f,y,y,f,f
f,y,y,f,f
f,y,g,f,f
x,y,y,f,f
x,s,g,t,f
f,s,b,t,f
f,s,w,t,f
f,f,g,f,f
f,s,b,t,f
x,y,n,f,s
x,s,w,t,f
k,s,e,t,n
f,y,b,t,n
x,y,n,f,y
k,y,n,t,n
f,s,w,t,f
f,s,w,t,f
x,y,n,f,y
x,s,w,t,f
x,y,n,f,y
b,s,p,t,n
x,y,e,f,y
f,y,g,f,f
x,y,y,f,f
x,y,g,f,f
f,y,w,t,n
f,s,g,t,f
k,y,p,t,n
x,s,w,t,f
k,s,p,t,n
f,s,w,t,f
x,y,n,f,y
x,f,y,f,f
f,y,g,f,f
x,y,g,f,f
x,y,e,t,n
f,y,y,f,f
x,y,n,f,s
x,s,b,t,f
f,y,y,f,f
k,y,e,t,n
f,y,p,t,n
f,y,w,t,n
f,y,y,f,f
f,y,y,f,f
f,y,r,f,n
x,s,w,t,f
x,s,w,t,f
x,s,b,t,f
x,y,n,f,y
k,y,e,t,n
k,s,p,t,n
x,y,b,t,n
x,s,g,t,f
f,y,y,f,f
x,y,n,f,y
c,y,w,t,n
f,s,w,t,f
f,s,g,t,f
x,y,e,f,y
x,s,g,t,f
x,y,n,f,s
x,y,p,t,n
f,y,w,f,n
f,y,y,f,f
x,y,n,f,y
x,f,y,f,f
x,y,n,f,s
x,s,g,t,f
x,y,n,f,s
k,f,n,f,n
x,s,w,t,f
f,y,y,f,f
x,y,p,t,n
b,y,b,t,n
f,y,g,f,f
f,y,r,f,n
x,y,n,f,f
x,y,n,f,y
f,s,b,t,f
f,y,y,f,f
x,y,n,f,f
f,y,n,t,n
x,y,n,f,f
f,y,e,t,n
x,y,b,t,n
x,s,n,t,n
f,s,w,t,f
x,y,b,t,n
x,f,y,f,f
f,y,y,f,f
f,y,y,f,f
k,y,e,t,n
f,s,w,t,f
k,y,c,f,n
k,y,n,f,n
b,s,p,t,n
x,y,n,f,y
x,s,b,t,f
f,y,r,f,n
x,s,b,t,f
f,y,u,f,n
x,y,n,f,y
x,s,w,t,f
x,s,e,t,n
f,y,p,t,n
x,y,n,f,s
x,y,n,f,f
x,s,w,t,f
f,y,y,f,f
x,y,n,t,n
x,y,e,t,n
x,s,w,t,f
x,y,y,f,f
f,s,b,t,n
f,f,y,f,f
x,s,g,t,f
f,s,p,t,n
x,y,n,t,n
b,y,w,t,n
f,y,y,f,f
x,y,e,f,y
x,s,b,t,f
x,s,b,t,f
x,y,n,f,s
b,y,p,t,n
x,y,c,f,n
x,y,n,f,f
x,s,w,t,f
x,y,n,f,f
f,y,n,f,n
x,y,n,f,y
f,s,g,t,f
x,y,e,f,y
x,y,r,f,n
b,y,p,t,n
x,s,p,t,n
x,y,n,f,y
x,y,n,f,f
f,s,g,t,f
f,y,y,f,f
f,y,p,t,n
x,y,n,f,s
x,y,n,f,s
f,s,b,t,n
f,s,b,t,f
x,y,c,f,n
x,y,w,f,n
x,y,n,f,y
f,y,n,f,n
x,y,n,f,f
x,y,n,f,s
k,y,p,t,n
f,s,w,t,n
x,y,n,f,f
f,y,y,f,f
k,y,n,f,n
f,s,g,t,f
f,s,w,t,n
f,f,g,f,f
f,s,n,t,n
x,f,y,f,f
x,y,n,f,s
x,y,e,f,y
f,y,y,f,f
b,s,w,t,n
x,s,b,t,f
f,y,b,t,n
x,f,c,f,n
f,s,w,t,f
k,s,p,t,n
k,y,n,t,n
x,y,b,t,n
x,f,y,f,f
f,s,g,t,f
f,y,y,f,f
x,y,e,t,n
f,s,b,t,f
x,y,n,f,n
f,y,y,f,f
f,f,g,f,f
b,y,b,t,n
x,y,e,f,y
f,y,y,f,f
f,f,y,f,f
f,y,w,t,n
k,s,e,t,n
f,y,y,f,f
k,s,n,t,n
f,y,y,f,n
f,y,g,f,f
f,y,y,f,f
x,y,e,f,y
f,s,b,t,n
f,s,w,t,f
x,s,w,t,f
f,y,g,f,f
f,y,p,t,n
f,y,y,f,f
f,y,y,f,f
k,s,e,t,n
x,y,n,t,n
x,y,y,f,f
f,s,b,t,f
x,y,g,f,f
f,s,g,t,f
x,s,w,t,f
x,f,n,f,n
f,s,b,t,f
f,y,e,t,n
f,y,y,f,f
x,s,b,t,f
k,f,n,f,n
f,y,y,f,f
k,y,c,f,n
x,f,g,f,f
x,y,n,f,y
f,y,p,t,n
x,s,b,t,f
x,y,g,f,f
f,y,y,f,f
x,y,e,f,y
f,y,r,f,n
f,y,y,f,f
x,s,g,t,f
x,s,w,t,f
f,s,b,t,f
x,y,n,t,n
f,f,y,f,n
f,y,u,f,n
x,y,n,f,y
x,s,n,t,n
x,s,w,t,f
f,y,y,f,f
f,s,b,t,n
k,f,c,f,n
x,s,g,t,f
f,y,g,f,f
x,y,e,f,y
f,y,p,t,n
k,y,p,t,n
x,y,y,f,f
x,y,n,f,y
f,s,n,t,n
f,y,y,f,f
x,y,n,f,s
f,s,n,t,n
f,y,y,f,f
f,y,y,f,f
f,y,y,f,f
f,f,c,f,n
b,y,b,t,n
k,y,e,t,n
x,s,b,t,f
x,s,g,t,f
f,y,y,f,f
x,s,g,t,f
x,y,e,f,y
f,s,w,t,f
f,s,p,t,n
f,s,b,t,f
x,y,e,f,y
f,y,w,f,n
x,y,p,t,n
x,s,b,t,f
k,g,w,t,n
f,s,g,t,f
x,y,n,f,s
k,s,e,t,n
x,y,n,f,y
x,y,n,f,s
f,s,w,t,f
f,s,e,t,n
f,s,b,t,f
b,s,w,t,n
f,f,n,f,n
f,s,g,t,f
x,s,w,t,f
f,y,y,f,f
x,s,b,t,n
f,y,n,t,n
x,y,r,f,n
k,s,b,t,n
x,s,w,t,f
x,y,n,f,y
x,y,b,t,n
f,y,w,t,n
f,s,b,t,f
x,s,g,t,f
k,s,n,t,n
f,s,g,t,f
k,y,p,t,n
f,y,b,t,n
x,y,n,f,s
f,y,y,f,f
x,s,b,t,f
k,f,c,f,n
f,s,g,t,f
f,s,w,t,f
b,s,b,t,n
b,s,p,t,n
f,s,w,t,f
x,y,n,t,n
x,y,n,f,s
x,y,g,f,f
x,s,b,t,n
x,y,n,f,f
x,s,b,t,f
f,s,p,t,n
x,y,n,f,y
x,s,w,t,f
f,s,w,t,f
f,y,r,f,n
f,s,w,t,f
f,s,w,t,f
x,y,w,f,n
x,y,n,f,s
k,y,b,t,n
x,y,n,f,f
x,y,n,f,y
x,s,b,t,f
f,y,r,f,n
b,s,p,t,n
x,s,b,t,f
f,y,c,f,n
x,y,u,f,n
x,s,b,t,f
x,y,w,f,n
x,y,n,f,y
x,s,p,t,n
f,s,p,t,n
f,y,n,f,n
f,y,y,f,f
f,s,w,t,f
x,y,g,f,f
f,y,e,t,n
f,s,b,t,n
b,s,p,t,n
x,y,n,f,s
x,s,b,t,f
x,y,y,f,f
b,y,w,t,n
f,y,n,f,n
f,f,y,f,f
f,y,y,f,f
f,y,y,f,f
x,s,g,t,f
x,y,e,f,y
x,y,y,f,n
x,y,n,f,f
f,s,w,t,f
f,f,g,f,f
f,f,n,f,n
x,s,g,t,f
f,s,b,t,f
f,s,e,t,n
x,s,b,t,f
f,y,y,f,f
x,y,n,f,f
f,s,w,t,f
f,s,g,t,f
f,y,y,f,f
f,f,c,f,n
x,y,n,f,s
k,y,e,t,n
x,y,n,f,y
f,s,w,t,f
x,y,e,f,y
x,s,n,t,n
f,y,g,f,f
x,s,w,t,f
f,s,e,t,n
f,y,y,f,f
f,y,y,f,f
f,y,e,t,n
f,s,g,t,f
k,s,n,t,n
f,y,y,f,f
x,s,w,t,f
x,y,n,f,s
f,y,y,f,f
f,y,w,t,n
x,y,n,f,s
f,y,w,f,n
x,y,w,f,n
x,y,n,f,f
f,s,g,t,f
x,y,u,f,n
f,s,w,t,n
x,y,y,f,f
f,s,g,t,f
f,y,y,f,f
x,f,y,f,f
f,y,y,f,f
x,s,g,t,f
f,y,r,f,n
f,s,w,t,f
k,s,n,t,n
x,y,n,f,s
x,s,g,t,f
f,y,y,f,f
b,s,w,t,n
x,y,n,f,f
b,s,b,t,n
f,f,y,f,f
x,y,g,f,f
x,y,e,t,n
k,s,b,t,n
x,y,n,f,f
x,s,e,t,n
f,s,b,t,n
f,s,n,t,n
x,y,e,f,y
f,y,b,t,n
x,s,g,t,f
f,s,b,t,n
x,y,n,f,s
x,y,e,f,y
f,y,y,f,f
x,y,n,f,f
x,y,n,f,s
f,s,g,t,f
x,y,p,t,n
x,y,u,f,n
f,y,y,f,f
x,s,g,t,f
x,y,n,f,s
f,s,g,t,f
x,s,b,t,f
x,f,y,f,f
b,s,w,t,n
k,y,n,t,n
x,y,e,f,y
f,y,y,f,f
x,y,b,t,n
x,s,b,t,f
f,s,g,t,f
f,s,b,t,f
f,y,y,f,f
x,y,n,f,f
f,s,w,t,f
k,y,n,t,n
x,s,e,t,n
x,y,w,f,n
f,s,b,t,f
f,s,g,t,f
f,s,e,t,n
f,y,y,f,f
x,y,n,f,s
f,s,w,t,n
f,y,g,f,f
x,f,n,f,n
f,y,y,f,f
x,s,w,t,f
x,s,b,t,n
x,s,p,t,n
x,s,g,t,f
f,f,g,f,f
x,s,w,t,f
x,f,y,f,f
f,s,w,t,f
k,y,n,t,n
x,y,p,t,n
f,y,y,f,f
f,y,b,t,n
x,s,e,t,n
x,s,g,t,f
f,s,b,t,f
f,y,y,f,f
x,s,b,t,f
f,s,w,t,f
f,y,y,f,f
f,y,y,f,f
f,y,g,f,f
f,f,g,f,f
b,s,p,t,n
x,y,n,f,f
b,s,w,t,n
x,y,n,t,n
x,y,n,f,y
x,y,n,f,y
x,y,n,f,f
f,s,b,t,f
b,y,y,f,n
x,s,g,t,f
f,y,p,t,n
k,s,p,t,n
f,y,n,t,n
b,y,p,t,n
x,s,g,t,f
x,s,g,t,f
x,f,y,f,f
x,y,n,f,s
f,y,b,t,n
x,s,b,t,f
b,s,b,t,n
f,y,w,f,n
x,y,n,f,n
x,f,y,f,f
f,s,b,t,f
f,y,y,f,f
k,s,e,t,n
f,f,y,f,f
b,f,n,f,n
x,y,n,f,s
f,y,y,f,f
x,y,y,f,f
x,s,g,t,f
x,y,n,f,f
x,y,n,t,n
f,y,n,f,n
f,y,b,t,n
k,f,n,f,n
f,y,g,f,f
x,y,n,f,s
f,f,g,f,f
f,f,g,f,f
x,s,g,t,f
x,y,r,f,n
x,y,n,f,y
f,s,p,t,n
x,y,e,f,y
f,s,b,t,f
x,s,b,t,f
k,s,e,t,n
f,s,b,t,f
x,f,n,f,n
f,y,y,f,f
f,y,w,f,n
f,s,w,t,f
f,s,p,t,n
f,y,y,f,f
f,s,g,t,f
x,y,n,f,f
f,y,y,f,f
f,s,g,t,f
f,s,w,t,f
x,y,n,f,s
f,f,y,f,f
x,y,n,f,f
b,y,b,t,n
f,y,y,f,f
x,y,e,f,y
x,y,n,f,f
k,y,b,t,n
x,y,w,f,n
f,s,b,t,f
f,y,y,f,f
x,y,e,f,f
f,s,e,f,s
x,y,e,f,f
x,s,n,f,f
f,y,n,f,f
f,y,e,f,s
k,y,n,f,y
f,y,e,f,y
x,s,e,f,s
f,y,n,f,f
f,y,e,f,f
x,s,e,f,s
x,s,n,f,s
f,s,e,f,f
f,s,e,f,y
f,y,e,f,f
f,y,n,f,y
f,y,n,f,f
x,y,e,f,s
k,s,n,f,y
x,s,n,f,f
f,s,e,f,y
f,y,e,f,s
k,s,e,f,y
f,y,e,f,y
x,s,n,f,s
f,s,e,f,y
f,s,n,f,y
f,y,e,f,s
f,s,e,f,y
f,s,n,f,s
f,y,e,f,s
x,s,e,f,s
f,s,e,f,f
x,s,n,f,s
f,y,n,f,s
x,y,e,f,f
f,y,n,f,y
b,s,n,f,n
f,s,n,f,y
x,s,n,f,n
f,y,e,f,y
f,y,n,f,s
f,y,e,f,y
f,s,n,f,y
x,y,e,f,y
x,s,n,f,f
f,s,n,f,s
f,y,e,f,y
f,s,n,f,f
f,s,n,f,s
f,s,n,f,f
f,y,e,f,s
f,s,e,f,y
x,y,e,f,f
x,s,e,f,y
f,s,e,f,f
f,y,n,f,y
x,y,e,f,f
k,s,e,f,s
k,s,n,f,f
f,y,n,f,f
x,s,e,f,s
x,y,e,f,f
f,y,e,f,s
f,y,n,f,s
f,s,e,f,f
x,s,n,f,s
x,f,w,f,n
f,y,n,f,y
x,s,n,f,f
x,s,e,f,f
f,s,n,f,s
f,s,n,f,s
x,y,e,f,s
x,s,e,f,f
f,s,n,f,y
k,s,n,f,f
f,y,n,f,s
x,s,n,f,s
f,y,e,f,y
x,s,e,f,y
f,s,n,f,s
f,y,n,f,s
k,y,n,f,y
f,y,n,f,s
f,s,n,f,y
x,s,e,f,s
f,s,n,f,y
f,s,n,f,s
f,s,e,f,f
f,y,n,f,y
f,s,n,f,f
f,y,n,f,f
f,s,e,f,y
f,s,e,f,f
x,y,e,f,f
f,s,n,f,y
x,y,e,f,y
f,y,e,f,f
x,s,n,f,f
f,y,n,f,s
f,y,e,f,f
x,y,e,f,s
f,y,n,f,y
f,y,n,f,y
x,y,e,f,s
f,y,n,f,y
f,s,n,f,s
x,s,n,f,f
f,y,e,f,y
x,y,e,f,s
x,s,e,f,f
f,s,e,f,f
f,y,e,f,f
x,y,e,f,s
x,y,e,f,s
x,s,n,f,f
x,s,e,f,f
k,s,e,f,s
x,s,c,t,n
x,s,e,f,y
f,s,n,f,y
x,s,n,f,y
f,y,n,f,s
f,y,e,f,y
f,s,e,f,s
x,y,e,f,f
x,s,e,f,f
x,s,n,f,y
x,y,e,f,f
f,s,e,f,f
f,s,n,f,y
f,y,e,f,y
x,y,e,f,s
k,s,e,f,f
f,y,n,f,s
f,s,n,f,y
x,s,e,f,y
f,s,n,f,f
f,s,e,f,s
f,y,e,f,y
b,f,w,f,n
x,y,e,f,s
x,y,e,f,f
f,y,e,f,s
f,y,e,f,y
k,f,w,f,n
x,s,n,f,s
f,s,n,f,s
x,s,n,f,s
f,s,e,f,f
x,s,n,f,f
x,s,n,f,f
x,s,e,f,s
k,s,n,f,y
x,y,e,f,f
x,s,e,f,f
x,y,e,f,f
x,s,e,f,s
x,s,e,f,f
x,s,e,f,s
x,s,e,f,s
f,y,e,f,s
x,s,n,f,y
f,s,n,f,y
x,s,e,f,f
f,s,e,f,y
x,s,n,f,y
f,y,e,f,y
x,s,n,f,y
k,s,n,f,f
f,s,e,f,f
f,s,e,f,f
f,y,e,f,f
k,s,n,f,f
f,y,n,f,f
f,s,e,f,f
x,y,e,f,s
f,s,e,f,y
f,y,e,f,f
f,s,n,f,s
f,s,n,f,f
x,y,e,f,s
x,y,e,f,s
f,s,e,f,y
k,y,e,f,f
f,y,e,f,s
k,y,n,f,s
x,s,e,f,s
x,y,e,f,s
x,s,n,f,f
f,y,n,f,f
x,s,e,f,f
b,s,g,f,n
x,y,e,f,s
x,s,e,f,s
f,y,e,f,s
x,s,e,f,y
f,y,e,f,y
f,y,e,f,f
x,s,n,f,f
f,y,n,f,f
k,s,w,f,n
f,y,e,f,s
x,s,e,f,f
f,y,n,f,y
f,y,n,f,s
x,s,e,f,y
f,y,e,f,y
f,y,e,f,f
f,s,n,f,y
x,y,e,f,f
f,y,e,f,s
b,f,g,f,n
k,y,e,f,s
x,y,e,f,f
k,s,e,f,f
x,s,n,f,s
k,s,w,f,n
f,s,e,f,s
x,s,n,f,y
k,s,e,f,f
k,y,n,f,s
k,y,e,f,f
x,s,e,f,y
f,s,e,f,s
f,y,e,f,f
x,y,e,f,s
f,y,n,f,y
x,y,e,f,y
f,y,n,f,y
x,y,e,f,y
k,y,n,f,y
f,s,e,f,f
x,s,n,f,f
f,y,n,f,f
f,s,e,f,s
x,s,e,f,y
f,s,n,f,y
f,y,n,f,s
x,y,e,f,f
x,s,e,f,f
f,y,e,f,y
f,s,e,f,y
f,y,e,f,f
x,s,n,f,s
f,s,n,f,s
x,s,n,f,f
f,y,n,f,y
k,y,n,f,s
x,s,e,f,s
f,y,n,f,f
x,y,e,f,s
f,y,e,f,s
x,y,e,f,y
f,y,e,f,y
f,y,e,f,s
f,s,e,f,s
k,y,e,f,y
x,s,e,f,f
k,s,g,f,n
x,s,n,f,y
f,s,e,f,s
f,s,n,f,y
f,s,e,f,s
f,y,n,f,s
x,s,e,f,y
x,s,e,f,s
x,s,e,f,y
x,s,e,f,f
f,s,e,f,s
x,s,e,f,s
x,s,n,f,f
f,s,n,f,s
k,y,n,f,y
x,y,e,f,s
x,s,n,f,f
x,s,e,f,f
b,s,w,f,n
f,s,e,f,s
x,s,e,f,y
x,y,e,f,f
f,y,n,f,f
f,s,e,f,y
f,y,n,f,s
f,y,e,f,f
f,s,n,f,f
x,y,e,f,f
f,s,n,f,s
x,s,n,f,y
f,s,e,f,s
x,s,n,f,s
f,s,e,f,s
x,y,e,f,y
f,y,n,f,f
x,y,e,f,f
f,s,n,f,f
f,s,n,f,y
x,s,n,f,y
f,s,e,f,s
k,y,n,f,y
x,y,e,f,f
x,y,e,f,s
k,s,n,f,s
x,s,e,f,f
x,s,e,f,f
f,y,n,f,f
f,s,e,f,y
f,s,e,f,f
f,s,n,f,f
f,y,e,f,f
f,y,e,f,f
k,s,e,f,s
x,s,n,f,f
f,y,n,f,y
f,s,e,f,f
k,s,n,f,y
f,y,n,f,f
x,y,e,f,y
x,y,e,f,f
x,s,e,f,y
f,y,n,f,f
f,y,n,f,s
f,y,e,f,s
k,y,n,f,y
x,s,n,f,s
x,s,e,f,y
x,s,n,f,f
f,y,e,f,f
k,y,e,f,f
x,f,g,f,n
f,y,e,f,f
x,s,e,f,f
x,s,e,f,s
x,y,e,f,s
f,y,n,f,f
f,y,n,f,y
x,s,n,f,s
x,s,e,f,f
f,y,e,f,f
f,s,n,f,f
f,y,n,f,f
f,y,n,f,y
x,y,e,f,f
x,s,e,f,f
f,s,n,f,f
f,s,n,f,s
x,s,e,f,f
f,s,n,f,f
f,s,n,f,f
f,y,n,f,f
x,s,n,f,s
f,s,n,f,y
f,s,n,f,y
x,s,n,f,y
f,y,n,f,f
x,s,n,f,y
x,s,n,f,y
f,s,n,f,f
f,y,n,f,f
x,y,e,f,y
f,s,e,f,f
f,y,n,f,s
f,s,e,f,y
x,s,n,f,f
k,f,w,f,n
x,s,n,f,f
f,s,n,f,f
f,y,n,f,y
f,s,n,f,f
f,y,n,f,y
f,y,n,f,f
f,s,n,f,f
f,y,e,f,y
b,s,n,f,n
f,s,e,f,f
f,s,e,f,s
x,s,e,f,y
f,y,n,f,s
f,y,e,f,s
f,s,n,f,f
f,y,e,f,s
f,s,n,f,s
k,y,n,f,y
f,y,e,f,f
f,s,e,f,s
x,y,e,f,f
f,s,n,f,y
x,s,e,f,s
k,y,n,f,y
x,s,n,f,s
x,y,e,f,f
f,y,n,f,y
f,s,e,f,y
f,s,n,f,f
x,s,w,f,n
f,y,n,f,y
f,s,n,f,f
x,y,e,f,y
f,s,e,f,s
x,s,n,f,s
x,y,e,f,f
k,f,g,f,n
f,s,e,f,s
f,y,e,f,s
b,f,w,f,n
f,s,n,f,y
x,y,e,f,s
x,y,e,f,f
f,s,n,f,s
x,s,n,f,f
f,s,e,f,s
f,s,e,f,s
f,s,e,f,s
x,y,e,f,m
f,y,n,f,y
f,y,e,f,y
x,s,e,f,s
f,s,e,f,y
f,y,e,f,f
f,y,e,f,s
x,s,e,f,f
f,s,e,f,s
x,s,n,f,n
f,y,n,f,s
f,y,e,f,s
f,y,e,f,s
x,s,n,f,f
x,s,e,f,y
x,y,e,f,f
x,s,e,f,s
x,y,e,f,y
f,y,e,f,f
x,s,n,f,n
f,s,n,f,s
x,y,e,f,f
f,s,n,f,f
f,y,e,f,y
x,y,e,f,f
x,s,n,f,s
x,s,n,f,f
x,s,n,f,y
x,y,e,f,s
f,s,n,f,y
f,s,n,f,y
k,y,e,f,y
x,s,n,f,y
f,y,n,f,y
k,s,w,f,n
f,s,e,f,y
x,s,e,f,y
f,y,n,f,f
f,y,n,f,s
f,y,e,f,y
x,s,n,f,f
f,y,n,f,s
x,s,n,f,s
k,y,n,f,y
f,s,e,f,s
f,y,e,f,s
f,y,e,f,f
f,y,e,f,s
f,y,n,f,f
f,y,n,f,f
k,y,n,f,y
k,y,n,f,y
f,s,e,f,y
x,s,e,f,y
k,s,n,f,f
x,s,e,f,f
f,s,n,f,f
x,s,e,f,s
f,s,n,f,y
x,s,n,f,f
f,y,e,f,y
x,s,n,f,f
x,s,e,f,y
x,s,e,f,s
x,s,n,f,s
x,y,e,f,s
f,y,e,f,y
f,s,e,f,s
x,s,e,f,y
f,y,e,f,y
f,s,e,f,y
f,s,e,f,s
f,y,n,f,f
f,s,n,f,s
x,s,e,f,f
f,y,n,f,s
f,s,n,f,s
f,y,n,f,f
f,s,e,f,s
f,y,e,f,f
f,y,n,f,y
f,s,e,f,y
f,s,e,f,f
f,y,n,f,s
f,s,e,f,f
f,s,n,f,f
k,y,e,f,s
f,y,e,f,f
f,s,e,f,f
f,y,e,f,y
f,y,n,f,s
f,y,e,f,f
f,s,n,f,s
x,y,e,f,y
x,f,w,f,n
x,s,e,f,s
x,s,e,f,f
f,y,n,f,y
x,s,e,f,y
x,s,n,f,y
x,s,n,f,f
x,s,n,f,y
x,f,g,f,n
f,y,e,f,f
f,y,e,f,f
x,y,e,f,y
x,s,n,f,y
k,s,e,f,y
k,y,e,f,f
f,y,e,f,s
x,s,n,f,f
f,s,n,f,s
x,s,e,f,s
f,y,n,f,y
x,s,n,f,s
k,f,w,f,n
k,y,n,f,f
f,s,e,f,f
x,y,e,f,f
x,s,n,f,s
x,s,n,f,y
f,y,e,f,y
f,y,n,f,s
x,y,e,f,y
f,s,e,f,y
x,s,e,f,s
x,s,n,f,s
f,y,n,f,f
f,y,e,f,s
f,y,n,f,s
f,y,n,f,f
f,s,n,f,y
f,y,e,f,f
f,y,e,f,s
x,y,e,f,s
k,s,e,f,f
f,y,e,f,s
f,y,n,f,y
f,s,n,f,s
f,s,e,f,y
k,s,e,f,f
f,y,e,f,s
f,s,n,f,s
x,s,n,f,n
x,s,n,f,y
k,s,n,f,y
f,s,n,f,f
f,s,n,f,y
x,s,n,f,y
f,s,n,f,y
f,y,e,f,f
f,y,e,f,y
f,s,n,f,f
x,s,e,f,f
x,s,n,f,s
x,s,e,f,y
x,s,e,f,s
f,y,e,f,f
x,s,e,f,y
k,s,e,f,y
x,y,e,f,f
f,s,n,f,f
f,s,n,f,y
x,s,n,f,f
k,y,e,f,y
x,s,e,f,y
f,y,n,f,s
f,y,e,f,s
f,y,n,f,s
f,s,n,f,s
f,s,e,f,y
k,y,n,f,y
f,y,e,f,y
f,s,e,f,s
f,s,n,f,f
x,s,n,f,y
f,y,n,f,s
f,y,e,f,s
x,y,e,f,s
f,s,e,f,s
x,s,n,f,s
f,s,n,f,y
f,s,n,f,s
f,s,e,f,y
x,s,g,f,n
k,y,n,f,y
x,y,e,f,s
x,s,n,f,s
x,s,n,f,s
f,y,e,f,s
k,y,n,f,f
x,s,e,f,f
x,s,n,f,s
k,y,n,f,y
x,y,e,f,f
k,s,n,f,f
x,s,n,f,f
x,y,e,f,f
f,s,e,f,y
f,s,n,f,s
f,s,n,f,f
f,s,e,f,y
x,y,e,f,s
x,s,e,f,f
f,s,n,f,s
f,y,e,f,s
x,s,n,f,f
x,s,e,f,s
x,s,e,f,y
f,s,e,f,f
x,y,e,f,s
x,s,n,f,y
x,s,e,f,s
x,s,e,f,y
x,s,n,f,y
x,s,n,f,s
f,s,e,f,y
f,y,e,f,f
x,s,n,f,s
x,s,e,f,f
f,s,n,f,s
x,s,n,f,f
f,s,e,f,y
k,y,n,f,y
x,s,n,f,y
f,y,n,f,y
k,y,n,f,y
f,s,e,f,s
f,s,n,f,f
x,s,e,f,y
x,s,n,f,f
f,y,n,f,y
f,y,n,f,s
x,s,e,f,y
f,y,n,f,y
x,y,e,f,s
f,y,n,f,y
f,y,e,f,s
x,y,e,f,f
f,s,e,f,y
k,s,n,f,s
x,y,e,f,f
x,s,n,f,f
f,s,e,f,s
f,s,e,f,y
b,f,g,f,n
x,s,n,f,y
k,s,n,f,s
b,s,n,f,n
f,s,n,f,y
f,y,n,f,s
x,y,e,f,s
x,s,e,f,s
k,y,c,f,m
x,s,e,f,s
f,s,n,f,s
x,s,n,f,y
x,y,e,f,s
x,s,e,f,f
f,s,e,f,f
f,s,n,f,f
f,s,n,f,s
f,y,e,f,y
x,s,e,f,y
f,y,e,f,s
f,y,n,f,y
x,y,e,f,f
f,y,e,f,s
f,s,e,f,f
f,s,e,f,f
x,s,e,f,y
x,s,e,f,f
k,y,e,f,s
x,y,e,f,f
x,s,e,f,y
x,s,n,f,y
x,s,n,f,s
f,s,n,f,y
f,y,n,f,s
x,s,e,f,s
k,s,n,f,f
f,s,n,f,y
f,y,n,f,f
f,y,e,f,y
f,y,e,f,s
f,y,n,f,f
x,s,e,f,y
f,y,n,f,s
f,s,n,f,s
f,s,e,f,f
x,s,n,f,y
f,y,e,f,f
k,y,n,f,y
f,s,n,f,y
f,y,n,f,f
f,s,e,f,y
x,s,n,f,f
f,s,e,f,f
x,s,e,f,f
f,y,e,f,s
x,s,e,f,y
f,s,e,f,s
f,s,n,f,f
x,s,n,f,y
x,s,e,f,s
f,s,e,f,s
x,s,e,f,f
x,s,n,f,s
f,s,e,f,f
x,y,e,f,s
x,s,n,f,y
x,y,e,f,s
f,s,e,f,y
x,s,e,f,s
f,y,n,f,f
x,s,e,f,f
x,s,n,f,s
f,s,e,f,y
x,s,e,f,s
f,s,n,f,y
x,y,e,f,s
f,y,e,f,y
x,y,e,f,s
k,y,n,f,y
f,y,n,f,y
x,y,e,f,f
f,s,n,f,y
x,s,e,f,s
f,s,e,f,y
x,f,g,f,n
x,s,e,f,y
f,s,n,f,f
f,s,n,f,s
x,s,e,f,f
x,s,e,f,y
x,s,e,f,s
f,y,e,f,y
b,f,g,f,n
f,y,n,f,s
f,y,e,f,f
f,y,n,f,s
f,s,n,f,f
f,y,n,f,f
x,y,e,f,s
f,y,n,f,s
x,s,n,f,y
f,y,e,f,f
k,f,g,f,n
b,s,n,f,n
f,s,n,f,s
x,s,n,f,s
f,y,n,f,s
f,s,e,f,s
f,y,n,f,y
f,s,n,f,f
f,y,e,f,y
f,y,e,f,f
f,s,n,f,s
x,s,e,f,y
x,f,w,f,n
f,s,n,f,f
x,s,e,f,y
x,s,n,f,y
x,s,n,f,y
x,s,n,f,f
k,y,n,f,y
f,s,n,f,y
x,y,e,f,y
f,s,n,f,y
f,s,n,f,f
x,s,n,f,s
x,s,n,f,f
x,y,e,f,s
f,s,e,f,f
f,s,e,f,s
f,y,n,f,f
x,s,e,f,s
f,s,e,f,s
f,y,e,f,s
f,y,e,f,y
x,y,e,f,s
f,y,n,f,f
f,s,n,f,f
f,s,n,f,y
k,y,e,f,f
f,s,e,f,y
x,s,e,f,s
x,y,e,f,y
f,y,e,f,f
x,y,e,f,s
f,y,e,f,f
f,y,n,f,y
f,y,e,f,y
x,y,e,f,s
x,s,e,f,y
f,s,e,f,f
f,s,e,f,f
x,s,e,f,f
f,s,e,f,y
f,s,e,f,s
f,s,n,f,y
f,y,e,f,f
f,y,n,f,s
k,s,e,f,f
f,s,n,f,y
f,y,n,f,y
f,s,e,f,s
f,y,e,f,y
x,s,n,f,y
k,y,n,f,y
x,y,e,f,s
x,s,e,f,f
x,s,g,f,n
k,y,n,f,y
x,s,n,f,y
f,s,n,f,s
f,s,n,f,s
x,s,e,f,s
f,s,e,f,f
f,y,e,f,f
f,y,e,f,f
f,s,n,f,f
f,s,e,f,f
x,s,n,f,f
f,s,e,f,f
x,s,e,f,s
f,s,e,f,y
f,y,e,f,f
k,y,e,f,s
f,s,n,f,s
k,y,e,f,s
f,s,e,f,y
f,y,e,f,s
f,s,e,f,f
b,s,n,f,n
x,s,n,f,f
f,y,e,f,s
f,y,n,f,s
f,s,e,f,f
f,y,n,f,f
k,y,n,f,m
x,s,e,f,f
f,s,e,f,s
k,y,n,f,y
f,s,e,f,f
k,s,w,f,n
f,y,n,f,y
f,y,n,f,y
f,y,n,f,y
f,s,n,f,s
f,s,n,f,y
f,y,e,f,y
x,s,e,f,f
f,y,n,f,f
x,s,n,f,f
x,s,e,f,f
x,s,e,f,y
f,y,e,f,y
x,s,n,f,y
x,s,e,f,s
f,s,n,f,f
x,s,n,f,y
f,y,e,f,y
x,s,n,f,f
f,y,e,f,f
f,s,e,f,f
f,y,n,f,f
f,y,n,f,y
x,y,e,f,f
k,f,g,f,n
x,s,e,f,y
k,y,n,f,y
k,y,n,f,s
x,y,e,f,s
f,s,e,f,f
f,s,n,f,s
f,s,e,f,s
x,s,e,f,f
f,s,n,f,s
f,y,e,f,s
x,s,n,f,s
x,y,e,f,f
f,s,e,f,y
x,s,n,f,y
f,s,n,f,f
x,s,n,f,n
k,s,n,f,y
f,s,n,f,y
k,y,e,f,f
x,y,c,t,n
b,s,n,f,n
k,s,g,f,n
x,f,g,f,n
x,s,n,f,s
k,y,e,f,f
x,s,n,f,n
k,s,e,f,s
b,y,y,f,n
x,s,e,f,f
b,s,g,f,n
k,y,e,f,f
k,s,e,f,s
f,s,e,f,s
f,y,n,f,y
f,s,e,f,s
k,f,g,f,n
k,s,n,f,s
k,s,e,f,y
f,s,e,f,f
b,f,g,f,n
f,y,n,f,s
f,s,n,f,y
f,s,n,f,n
x,y,p,t,n
f,s,n,f,y
k,y,e,f,y
f,s,n,f,s
b,s,w,f,n
x,y,e,f,f
f,y,e,f,y
f,s,e,f,y
k,y,n,f,f
x,f,w,f,n
b,s,w,f,n
k,s,e,f,y
f,y,n,f,y
f,y,n,t,n
k,s,n,f,s
k,s,n,f,y
f,y,n,f,s
f,y,e,f,m
x,s,e,f,f
k,y,e,f,s
x,s,n,f,s
k,s,e,f,f
k,y,n,f,f
f,y,e,f,f
x,f,w,f,n
k,s,n,f,s
f,s,n,f,f
k,s,e,f,y
k,s,e,f,s
k,y,n,f,s
k,f,w,f,n
k,s,n,f,f
k,y,n,f,s
k,s,n,f,s
k,s,e,f,s
x,s,n,f,y
x,y,e,f,s
f,s,e,f,y
k,y,n,f,f
b,s,n,f,n
f,s,n,f,f
k,y,e,f,f
x,s,n,f,n
f,s,n,f,f
k,s,n,f,y
f,y,n,f,s
x,s,n,f,s
k,f,w,f,n
f,y,e,f,f
x,s,e,f,y
x,s,n,f,f
f,s,n,f,f
k,s,n,f,y
k,s,e,f,f
k,s,e,f,s
x,s,e,f,f
b,s,n,f,n
k,s,e,f,y
x,s,n,f,f
x,y,e,f,f
f,s,e,f,s
b,s,n,f,n
k,s,g,f,n
k,y,e,f,m
k,y,e,f,y
f,s,e,f,y
k,s,n,f,n
f,y,e,f,s
k,y,e,f,s
k,f,w,f,n
x,s,g,f,n
k,s,n,f,n
k,y,e,f,s
k,y,n,f,s
k,s,e,f,s
x,s,w,f,n
k,s,w,f,n
k,s,w,f,n
k,s,e,f,f
x,s,e,f,s
k,s,g,f,n
x,f,w,f,n
k,y,e,f,f
b,s,w,f,n
k,s,e,f,s
f,s,n,f,f
f,y,n,f,f
k,s,g,f,n
x,s,w,f,n
f,y,e,f,y
x,s,e,f,f
x,f,w,f,n
k,f,w,f,n
f,s,e,f,s
f,s,g,t,n
k,s,e,f,y
x,s,n,f,y
k,s,n,f,n
x,s,n,f,n
k,y,e,f,s
x,s,e,f,y
x,s,n,f,s
k,s,e,f,y
x,s,n,f,y
k,f,w,f,n
k,s,n,f,n
k,y,c,f,m
x,f,g,f,n
x,s,n,f,n
x,s,n,f,n
k,y,e,f,s
k,f,w,f,n
x,f,g,f,n
f,s,n,f,n
k,y,n,f,y
k,y,n,f,s
f,y,n,f,s
f,y,e,f,y
k,f,g,f,n
f,y,e,f,s
f,y,n,f,s
k,s,e,f,s
k,s,g,f,n
b,s,n,f,n
k,y,n,f,f
x,s,n,f,s
b,s,n,f,n
k,s,n,f,y
k,s,n,f,y
k,s,e,f,s
f,s,e,f,s
x,s,e,f,s
x,s,e,f,y
x,s,n,f,s
k,y,n,f,y
x,s,p,t,n
f,s,e,f,y
x,y,n,f,m
k,s,n,f,f
k,s,g,f,n
k,s,n,f,f
f,y,n,f,y
k,s,n,f,s
k,y,e,f,y
f,y,e,f,f
f,s,c,t,n
f,y,n,f,f
k,s,e,f,f
x,s,e,f,y
f,y,e,f,y
x,s,n,f,f
f,s,n,f,n
f,s,e,f,s
x,y,e,f,s
x,y,e,f,f
x,s,e,f,s
k,s,e,f,f
x,s,e,f,y
b,f,g,f,n
k,y,e,f,s
k,s,e,f,s
k,f,g,f,n
f,s,n,f,n
f,y,n,f,m
k,s,e,f,s
f,s,n,f,f
k,y,n,f,f
k,s,e,f,y
k,y,n,f,y
k,y,n,f,y
x,f,g,f,n
k,y,e,f,f
x,y,c,f,m
k,y,e,f,s
k,y,e,f,s
b,s,w,f,n
k,s,n,f,y
x,s,e,f,y
f,y,n,f,f
f,s,e,f,y
k,y,e,f,f
k,y,e,f,f
b,f,w,f,n
k,y,n,f,m
f,y,e,f,y
k,s,n,f,f
k,y,n,f,f
x,s,e,f,s
x,y,g,t,n
f,s,n,f,y
k,y,e,f,y
k,f,w,f,n
x,s,n,f,s
k,y,n,f,y
x,s,e,f,s
k,s,w,f,n
f,y,n,f,s
k,s,e,f,s
k,s,e,f,y
f,y,e,f,f
f,s,n,f,n
f,y,n,f,y
k,y,e,f,y
k,s,e,f,y
k,s,e,f,f
b,s,n,f,n
k,s,g,f,n
x,s,n,f,n
x,f,g,f,n
k,s,e,f,y
f,y,e,f,f
k,s,n,f,s
k,s,n,f,y
b,s,w,f,n
f,s,n,f,s
b,f,g,f,n
x,s,n,f,f
x,y,e,f,f
f,y,c,f,m
f,s,n,f,s
x,y,e,f,s
f,s,n,f,s
f,y,e,f,f
f,s,e,f,f
x,s,e,f,s
k,s,g,f,n
x,s,e,f,y
k,s,n,f,y
k,y,e,f,s
x,s,n,f,y
b,s,g,f,n
x,s,n,f,s
f,s,e,f,s
k,s,n,f,s
b,s,g,f,n
x,s,n,f,y
f,y,e,f,y
f,s,e,f,y
f,y,n,f,m
b,f,g,f,n
f,s,e,f,f
k,s,n,f,f
k,s,g,f,n
k,y,n,f,f
x,s,e,f,s
b,s,n,f,n
k,y,n,f,f
f,y,n,f,s
x,s,n,f,n
k,s,n,f,f
k,s,n,f,f
k,s,n,f,s
k,s,n,f,s
f,y,c,t,n
f,s,n,f,n
b,s,w,f,n
k,s,e,f,s
b,s,g,f,n
k,y,e,f,y
k,y,n,f,s
x,s,n,f,n
x,s,e,f,y
x,s,n,f,f
f,s,e,f,y
f,y,e,f,s
x,y,e,f,s
k,s,e,f,f
k,y,n,f,n
f,s,e,f,f
k,s,n,f,s
f,y,n,f,y
f,s,e,f,f
k,f,g,f,n
k,s,n,f,f
b,f,w,f,n
k,s,e,f,y
x,s,g,f,n
k,s,n,f,n
k,s,e,f,f
k,y,n,f,f
k,f,g,f,n
x,s,n,f,y
k,y,n,f,s
x,f,w,f,n
k,y,e,f,f
k,s,e,f,f
k,s,e,f,f
k,y,e,f,s
k,y,n,f,s
k,s,g,f,n
k,y,n,f,f
k,s,e,f,f
x,s,g,f,n
f,s,n,f,n
k,s,g,f,n
x,s,e,f,s
k,s,n,f,f
k,s,n,f,s
x,s,g,f,n
k,y,e,f,s
f,s,n,f,n
k,s,w,f,n
f,y,e,f,m
b,s,g,f,n
f,y,n,f,y
b,s,n,f,n
b,s,g,f,n
k,s,n,f,n
b,s,g,f,n
k,s,n,f,f
k,y,n,f,y
f,s,n,f,n
k,s,e,f,y
f,s,e,f,y
k,s,n,f,y
k,s,n,f,s
b,s,n,f,n
k,f,g,f,n
b,s,n,f,n
k,s,n,f,s
k,y,e,f,s
k,y,e,f,y
k,s,n,f,y
f,s,n,f,n
k,s,e,f,y
x,s,n,f,n
k,s,n,f,y
k,s,w,f,n
k,y,e,f,f
k,y,n,f,f
k,f,g,f,n
f,s,n,f,y
x,s,g,f,n
k,y,n,f,f
f,s,e,f,f
x,f,w,f,n
k,y,n,f,s
f,y,n,f,m
b,f,g,f,n
k,y,e,f,y
x,y,e,f,s
k,s,e,f,y
k,f,g,f,n
k,f,w,f,n
k,y,e,f,s
k,s,g,f,n
k,s,n,f,f
k,y,n,f,y
k,s,w,f,n
k,y,e,f,y
b,s,w,f,n
k,s,n,f,y
x,s,w,f,n
b,s,n,f,n
k,s,n,f,s
k,y,e,f,f
x,f,w,f,n
x,y,e,f,m
k,s,e,f,y
k,s,n,f,f
k,y,n,f,y
k,s,e,f,f
k,s,n,f,n
k,y,n,f,f
f,y,n,f,n
k,s,g,f,n
f,y,e,f,y
k,y,y,f,n
k,y,e,f,y
k,s,e,f,s
k,y,e,f,s
b,s,n,f,n
x,s,g,t,n
k,s,g,f,n
f,y,e,f,s
k,s,e,f,s
k,y,e,f,s
b,f,w,f,n
f,s,n,f,n
k,s,n,f,y
k,s,e,f,f
x,f,w,f,n
k,y,e,f,y
x,f,w,f,n
k,y,e,f,y
k,y,n,f,s
x,s,g,f,n
x,s,w,f,n
k,y,n,f,f
k,s,n,f,f
k,s,e,f,s
b,f,w,f,n
f,s,n,f,f
k,s,e,f,y
k,s,n,f,f
x,y,n,f,m
k,y,n,f,f
f,s,n,f,n
x,y,e,f,f
f,s,n,f,n
b,s,w,f,n
b,s,g,f,n
k,y,e,f,s
k,s,n,f,y
k,s,e,f,f
k,s,e,f,y
b,f,w,f,n
k,s,g,f,n
f,y,e,f,m
k,y,n,f,f
k,y,n,f,f
f,s,e,f,y
x,s,n,f,s
k,y,n,f,s
k,y,c,f,m
k,y,n,f,s
k,s,w,f,n
f,y,n,f,y
b,f,g,f,n
f,s,e,f,f
k,s,e,f,y
k,s,g,f,n
x,s,g,f,n
k,s,e,f,y
k,s,n,f,n
f,y,p,t,n
b,s,w,f,n
f,y,n,f,s
f,s,e,f,f
k,s,e,f,f
k,f,g,f,n
x,f,w,f,n
x,s,c,t,n
k,f,g,f,n
k,s,e,f,y
k,y,e,f,y
k,s,n,f,y
x,y,e,f,f
k,s,n,f,n
f,y,y,f,n
x,y,c,f,m
x,s,n,f,y
x,y,p,t,n
k,y,n,f,s
k,s,g,f,n
b,s,g,f,n
k,s,e,f,f
x,s,n,f,n
b,s,n,f,n
f,s,n,t,n
k,s,g,f,n
f,s,n,f,y
k,s,n,f,f
f,y,n,f,s
k,y,e,f,y
k,s,n,f,f
k,s,e,f,y
b,s,w,f,n
k,y,n,f,m
k,y,e,f,y
k,s,n,f,n
k,s,e,f,f
b,s,w,f,n
x,s,g,f,n
k,s,n,f,s
k,y,n,f,y
k,s,n,f,f
k,y,e,f,f
k,s,e,f,s
k,y,n,f,y
b,s,g,f,n
k,y,e,f,y
b,f,w,f,n
c,y,y,f,n
x,s,n,f,s
k,y,e,f,y
x,s,g,f,n
b,s,n,f,n
k,y,e,f,y
b,s,n,f,n
k,y,e,f,y
k,y,e,f,f
k,s,e,f,y
b,s,g,f,n
k,s,n,f,n
b,s,n,f,n
x,s,n,f,f
x,s,g,t,n
x,f,g,f,n
k,s,n,f,s
k,f,g,f,n
k,s,n,f,f
k,y,e,f,y
k,y,n,f,s
f,s,p,t,n
k,y,n,f,f
k,y,e,f,f
f,s,n,f,n
k,y,e,f,f
k,y,n,f,y
k,y,n,f,y
f,y,n,f,s
k,s,e,f,f
k,y,e,f,s
x,s,n,f,n
f,s,e,f,s
k,s,g,f,n
k,s,e,f,s
k,s,e,f,y
f,s,n,f,n
k,s,n,f,s
x,f,g,f,n
k,s,n,f,n
f,s,e,f,s
k,s,n,f,s
f,y,n,t,n
x,f,g,f,n
k,s,w,f,n
b,s,n,f,n
k,y,e,f,s
k,y,e,f,y
k,y,n,f,n
x,f,g,f,n
k,s,n,f,f
k,y,e,f,f
k,y,n,f,f
f,y,n,f,f
f,s,n,f,n
f,y,e,f,f
k,s,n,f,s
k,s,n,f,f
b,s,n,f,n
x,f,g,f,n
k,s,n,f,s
k,y,n,f,f
x,s,g,f,n
k,y,n,f,s
k,s,e,f,s
k,y,e,f,y
b,s,n,f,n
b,s,g,f,n
x,y,e,f,m
k,s,n,f,f
k,y,e,f,f
k,y,e,f,y
k,s,n,f,f
k,y,e,f,s
k,s,e,f,s
x,s,e,f,y
k,s,e,f,s
k,s,n,f,y
b,f,g,f,n
k,y,n,f,m
f,s,n,t,n
k,s,n,f,y
f,y,y,f,n
k,s,n,f,s
f,y,e,f,m
x,f,g,f,n
k,y,n,f,y
k,s,n,f,s
f,y,n,f,y
f,s,n,f,n
k,y,n,f,s
f,y,n,f,f
k,s,n,f,s
f,y,e,f,s
k,s,n,f,s
x,y,e,f,s
k,y,n,f,y
x,s,w,f,n
x,s,g,f,n
x,f,w,f,n
k,s,n,f,s
k,s,e,f,f
k,y,e,f,y
k,s,e,f,f
k,s,n,f,y
k,y,n,f,f
k,y,e,f,y
k,s,n,f,y
k,s,e,f,s
f,s,n,f,n
f,s,n,f,s
k,s,n,f,s
x,s,g,f,n
x,f,w,f,n
k,y,n,f,s
x,s,n,f,n
k,y,n,f,s
k,y,n,f,s
k,y,n,f,s
k,y,e,f,s
k,s,n,f,f
b,s,n,f,n
f,s,n,f,n
b,s,w,f,n
k,s,n,f,y
x,s,n,f,n
k,y,n,f,s
b,f,g,f,n
b,s,g,f,n
x,s,n,f,s
x,s,n,f,n
x,s,w,f,n
x,s,n,f,n
k,s,g,f,n
x,s,w,f,n
f,y,c,f,m
x,s,n,f,n
k,s,e,f,y
k,y,e,f,s
x,s,w,f,n
k,f,w,f,n
b,f,g,f,n
k,s,n,f,n
k,y,n,f,f
f,y,e,f,s
k,s,e,f,s
k,s,n,f,n
f,s,p,t,n
k,y,n,f,f
b,s,w,f,n
k,s,e,f,y
k,s,w,f,n
k,y,n,f,s
k,s,n,f,s
f,s,n,f,n
k,s,n,f,y
k,y,e,f,f
x,s,n,f,n
x,f,w,f,n
x,f,g,f,n
x,s,n,f,n
k,s,n,f,y
k,y,e,f,y
x,s,w,f,n
k,y,e,f,y
x,f,g,f,n
k,s,n,f,s
f,y,n,f,f
k,s,e,f,s
k,s,n,f,n
k,s,e,f,y
k,s,n,f,y
b,s,g,f,n
k,y,n,f,s
k,s,n,f,f
k,f,g,f,n
k,y,n,f,f
k,s,e,f,y
k,y,n,f,s
k,s,e,f,y
k,f,w,f,n
k,y,e,f,y
k,y,e,f,s
b,f,w,f,n
x,s,g,f,n
b,s,g,f,n
k,y,e,f,s
k,s,n,f,y
k,y,e,f,y
b,s,w,f,n
f,s,e,f,f
k,s,n,f,s
k,s,w,f,n
k,y,e,f,y
k,s,e,f,f
k,s,n,f,s
x,s,n,t,n
k,s,n,f,f
k,y,e,f,f
b,y,y,f,n
k,y,e,f,f
x,s,n,t,n
k,s,e,f,f
k,f,g,f,n
k,s,e,f,s
k,s,e,f,f
k,s,n,f,y
k,y,n,f,y
x,f,g,f,n
b,s,w,f,n
k,y,e,f,s
b,s,n,f,n
k,y,e,f,y
k,s,e,f,y
b,s,g,f,n
k,s,e,f,y
b,s,n,f,n
f,s,n,f,y
k,s,e,f,y
k,s,n,f,y
k,y,n,f,y
b,f,g,f,n
k,s,w,f,n
k,s,n,f,y
f,y,n,f,f
x,s,w,f,n
x,s,n,f,n
k,s,n,f,s
k,y,n,f,s
k,s,n,f,n
b,f,w,f,n
x,s,w,f,n
f,y,e,f,y
k,y,e,f,f
x,y,e,f,m
f,s,n,f,n
k,s,n,f,f
x,s,n,f,s
k,y,e,f,s
b,s,w,f,n
b,s,g,f,n
k,f,g,f,n
k,f,g,f,n
x,f,w,f,n
k,y,e,f,s
f,y,e,f,s
k,y,e,f,s
f,s,n,f,f
b,s,w,f,n
k,s,w,f,n
b,f,w,f,n
f,s,n,f,n
k,y,e,f,s
k,s,n,f,f
k,s,n,f,y
f,y,n,f,y
x,s,e,f,f
f,s,n,f,n
k,f,w,f,n
k,s,n,f,y
x,s,n,f,y
b,f,g,f,n
k,y,n,f,s
b,s,n,f,n
f,s,n,f,n
k,y,e,f,s
k,s,e,f,s
k,y,n,f,s
k,y,e,f,s
k,y,n,f,f
x,s,g,f,n
k,y,n,f,f
f,y,c,t,n
b,s,n,f,n
k,s,e,f,y
k,s,n,f,f
k,y,n,f,f
b,f,g,f,n
k,y,n,f,s
b,f,w,f,n
k,s,e,f,f
x,s,w,f,n
k,y,e,f,f
k,y,e,f,s
x,s,w,f,n
k,y,e,f,f
k,y,n,f,s
k,s,n,f,n
k,s,n,f,n
k,s,e,f,y
k,s,e,f,s
k,s,n,f,n
k,s,n,f,y
k,s,e,f,f
k,y,e,f,s
k,y,e,f,f
k,y,e,f,f
k,f,w,f,n
b,s,n,f,n
k,s,e,f,s
f,s,n,f,n
f,y,n,f,n
k,y,e,f,y
f,s,g,t,n
x,s,p,t,n
c,y,y,f,n
k,s,e,f,f
k,y,e,f,f
k,y,e,f,m
b,s,n,f,n
k,s,n,f,s
x,s,w,f,n
x,s,e,f,f
x,y,c,f,m
f,s,n,f,s
k,s,n,f,n
b,y,n,f,n
f,s,n,f,s
k,s,n,f,y
b,s,g,f,n
x,y,n,t,n
f,s,n,f,s
k,s,n,f,n
b,f,w,f,n
x,f,w,f,n
k,s,n,f,y
x,y,n,f,m
k,y,e,f,s
x,s,n,f,n
k,s,e,f,f
x,s,e,f,s
k,s,n,f,y
k,y,e,f,s
k,y,n,f,f
k,s,e,f,f
b,f,g,f,n
k,s,n,f,n
k,y,n,f,s
k,y,y,f,n
k,s,w,f,n
x,s,n,f,n
k,s,n,f,s
k,f,g,f,n
k,f,w,f,n
f,s,n,f,n
x,s,w,f,n
b,s,g,f,n
x,f,w,f,n
k,f,w,f,n
k,s,n,f,f
k,y,e,f,s
k,f,g,f,n
x,s,w,f,n
k,s,n,f,f
k,y,n,f,s
k,y,n,f,f
k,s,e,f,f
k,s,e,f,s
b,s,n,f,n
k,s,e,f,s
x,s,g,f,n
x,s,n,f,n
b,s,w,f,n
k,s,e,f,s
x,s,n,f,n
k,s,n,f,f
k,s,e,f,f
k,y,e,f,s
b,f,w,f,n
k,y,n,f,f
k,s,e,f,s
b,s,g,f,n
k,s,n,f,y
x,s,n,f,y
k,y,e,f,f
x,s,w,f,n
x,s,w,f,n
k,y,n,f,s
k,s,n,f,n
k,s,e,f,y
k,y,e,f,s
b,s,n,f,n
b,f,g,f,n
k,s,e,f,f
k,s,n,f,s
f,y,n,f,f
f,y,n,f,f
f,s,n,f,n
k,y,n,f,y
k,s,w,f,n
b,s,n,f,n
k,y,n,f,s
k,s,n,f,y
k,s,e,f,s
k,s,w,f,n
k,y,e,f,y
x,s,w,f,n
k,y,e,f,s
k,y,e,f,s
k,y,n,f,s
f,y,c,f,m
x,s,n,f,s
k,f,g,f,n
k,s,e,f,y
x,y,n,f,m
f,y,e,f,y
k,s,n,f,n
k,s,n,f,s
b,f,g,f,n
b,f,w,f,n
x,s,n,f,n
k,y,n,f,s
f,s,n,f,n
x,s,w,f,n
k,s,e,f,s
k,s,e,f,y
x,s,g,f,n
b,s,g,f,n
k,y,n,f,f
k,y,e,f,m
k,y,e,f,f
k,y,n,f,f
x,f,w,f,n
k,y,e,f,f
b,s,n,f,n
k,y,n,f,s
k,s,n,f,s
b,s,n,f,n
f,s,n,f,n
k,s,g,f,n
f,s,n,f,n
k,y,e,f,y
b,s,n,f,n
k,s,n,f,n
k,y,e,f,y
f,s,n,f,n
k,s,e,f,f
b,f,g,f,n
k,y,n,f,y
f,s,n,f,n
k,s,n,f,s
x,s,g,f,n
x,s,g,f,n
k,s,n,f,n
x,s,n,f,n
k,y,e,f,y
x,f,g,f,n
k,s,n,f,f
k,y,e,f,s
k,y,n,f,f
k,s,e,f,f
k,y,n,f,s
k,y,e,f,s
x,s,w,f,n
k,s,n,f,s
k,s,e,f,y
k,s,e,f,s
x,f,g,f,n
x,s,n,f,n
b,s,w,f,n
k,s,n,f,f
k,y,n,f,f
k,s,n,f,s
x,y,e,f,f
k,y,e,f,f
x,s,n,f,n
x,s,g,f,n
k,s,e,f,f
k,y,e,f,f
k,s,w,f,n
b,s,n,f,n
k,s,w,f,n
k,s,e,f,s
k,y,n,f,f
k,s,e,f,y
k,s,n,f,y
x,s,n,f,s
k,s,n,f,n
k,s,n,f,f
k,s,n,f,s
k,y,e,f,f
x,f,w,f,n
f,s,e,f,y
k,s,n,f,y
k,s,e,f,f
f,s,n,f,n
x,y,n,f,n
k,y,n,f,s
k,s,e,f,s
b,s,w,f,n
k,y,n,f,s
k,s,n,f,y
x,s,n,f,n
x,s,g,f,n
x,s,g,f,n
f,y,n,f,y
f,y,n,f,s
f,y,g,t,n
k,s,e,f,y
x,f,w,f,n
k,y,n,f,s
k,s,n,f,y
x,s,e,f,f
x,f,g,f,n
f,s,n,f,n
x,y,e,f,f
b,f,w,f,n
k,s,e,f,f
x,f,g,f,n
f,y,n,f,m
x,s,n,f,n
b,s,g,f,n
b,s,n,f,n
k,s,e,f,f
f,s,n,f,n
x,f,g,f,n
k,s,n,f,f
x,f,w,f,n
f,y,p,t,n
k,y,e,f,f
k,f,g,f,n
k,s,n,f,n
k,s,n,f,f
k,s,n,f,y
k,s,e,f,s
k,y,n,f,s
k,s,n,f,n
k,y,n,f,s
k,f,w,f,n
k,y,e,f,f
f,s,n,f,n
k,s,e,f,s
x,f,g,f,n
k,y,e,f,f
k,y,e,f,y
k,s,n,f,f
b,s,n,f,n
k,s,w,f,n
b,s,n,f,n
f,y,g,t,n
k,y,e,f,m
x,y,e,f,y
k,y,n,f,f
k,s,n,f,n
k,s,n,f,n
x,y,c,t,n
k,s,e,f,s
k,y,n,f,y
k,s,e,f,s
k,y,n,f,y
k,y,e,f,f
f,s,c,t,n
x,s,n,f,n
b,f,w,f,n
k,f,g,f,n
f,s,n,f,n
k,s,n,f,n
k,f,w,f,n
k,y,e,f,f
b,f,w,f,n
k,y,n,f,y
k,y,e,f,y
k,y,n,f,f
x,s,n,f,n
x,y,n,t,n
b,s,w,f,n
f,y,n,f,f
k,s,n,f,f
k,s,e,f,y
x,s,n,f,n
x,s,n,f,n
b,s,w,f,n
x,y,e,f,f
b,f,w,f,n
b,f,w,f,n
b,f,w,f,n
k,s,n,f,n
k,y,e,f,s
k,s,n,f,n
k,s,e,f,f
k,y,c,f,m
k,s,n,f,y
x,s,g,f,n
f,s,n,f,n
k,s,n,f,n
b,y,n,f,n
x,s,n,f,f
b,s,n,f,n
f,s,n,f,y
k,y,n,f,f
k,s,g,f,n
k,y,n,f,f
k,f,g,f,n
x,s,n,f,n
k,s,e,f,y
f,s,n,f,n
k,s,n,f,y
k,y,n,f,s
k,s,n,f,n
b,s,n,f,n
x,y,n,f,n
x,s,w,f,n
f,s,n,f,n
f,s,n,f,f
x,y,e,f,s
k,y,e,f,y
k,s,e,f,f
k,s,e,f,f
b,s,n,f,n
x,s,n,f,n
f,s,n,f,n
k,s,n,f,s
b,s,n,f,n
k,s,g,f,n
k,f,w,f,n
k,s,e,f,s
b,f,w,f,n
x,s,w,f,n
b,f,w,f,n
k,y,n,f,y
f,s,n,f,y
f,y,e,f,y
k,s,e,f,y
k,y,n,f,f
x,s,n,f,n
f,s,n,f,n
k,y,n,f,f
k,s,n,f,f
x,f,g,f,n
k,s,w,f,n
k,y,e,f,f
x,s,n,f,f
k,y,n,f,f
k,s,n,f,n
b,f,w,f,n
k,s,n,f,n
k,y,e,f,y
x,y,g,t,n
k,s,e,f,f
b,s,n,f,n
k,y,e,f,y
x,s,n,f,n
f,s,n,f,n
f,s,n,f,n
k,y,e,f,y
b,f,g,f,n
k,s,e,f,y
k,s,n,f,y
k,y,n,f,f
k,s,n,f,s
x,f,w,f,n
f,s,n,f,n
k,y,n,f,f
x,s,n,f,n
b,f,g,f,n
b,s,n,f,n
x,s,n,f,n
k,s,e,f,s
k,s,n,f,f
k,s,n,f,s
k,s,n,f,s
k,y,n,f,y
k,f,w,f,n
k,y,e,f,f
k,s,n,f,n
k,s,e,f,f
b,s,n,f,n
f,s,n,f,n
k,s,n,f,n
k,y,e,f,s
k,s,n,f,n
k,y,e,f,f
k,s,n,f,n
b,f,g,f,n
f,s,n,f,n
b,s,n,f,n
f,s,n,f,n
b,f,g,f,n
k,y,e,f,f
k,s,n,f,s
k,y,n,f,f
k,s,e,f,s
k,y,n,f,y
b,f,g,f,n
k,f,w,f,n
k,s,n,f,n
x,s,e,f,f
k,s,n,f,n
k,y,e,f,f
k,s,n,f,f
k,y,e,f,f
k,y,e,f,y
x,s,n,f,y
b,s,g,f,n
x,y,c,f,m
k,f,w,f,n
k,y,n,f,s
k,s,e,f,y
k,f,w,f,n
f,s,n,f,n
k,s,e,f,s
x,s,n,f,n
k,s,n,f,n
k,s,n,f,n
k,s,n,f,n
k,s,n,f,n
x,s,n,f,n
k,y,e,f,y
b,s,w,f,n
x,s,n,f,n
k,s,w,f,n
k,s,n,f,n
k,y,e,f,y
f,y,c,f,m
x,s,n,f,n
k,y,n,f,s
k,s,e,f,y
k,y,n,f,f
k,s,n,f,n
x,s,n,f,n
f,s,n,f,n
k,y,n,f,y
x,s,n,f,n
